seed,family,method,full_return,early_return,annual_volatility,annual_es_5,annual_turnover,evaluated_candidates,mean_distance,local_share,hybrid_share,global_share
50000,small_drift,evolution,0.044835482013585795,0.07631179064408111,0.10115380759780394,3.6075776178150147,63.52401688609942,576,,1.0,0.0,0.0
50000,small_drift,random,0.026922153987160358,0.07393525281027999,0.07156641215506462,2.5265917825243056,38.353829746592496,576,,0.0,0.0,1.0
50000,small_drift,hybrid,0.015393783664545024,0.08234382918151997,0.08931499360718327,3.240283616166419,58.67940679690581,576,,0.0,1.0,0.0
50000,small_drift,gate,0.012625483072154942,0.0796434989147465,0.09305696101728629,3.335480793516698,73.00698589631291,576,1.104363938996746,0.75,0.25,0.0
50001,small_drift,evolution,-0.05962716113680319,-0.049187579019113345,0.06011628750907328,2.4584899340790587,28.388350131434343,576,,1.0,0.0,0.0
50001,small_drift,random,-0.043591463060366764,-0.03238637048220697,0.06137797870563529,2.4102046772506034,30.681127511574623,576,,0.0,0.0,1.0
50001,small_drift,hybrid,-0.036850268880597,-0.036808192585588345,0.060399958420919136,2.3633976361858076,26.935247738940678,576,,0.0,1.0,0.0
50001,small_drift,gate,-0.04330665567722134,-0.03339724465857022,0.058970701915506886,2.356493032929108,29.55401713846447,576,0.9284100129137305,1.0,0.0,0.0
50002,small_drift,evolution,0.044537574544666614,0.022296360411483158,0.062046379861164375,1.969243361023662,4.483058992726473,576,,1.0,0.0,0.0
50002,small_drift,random,-0.0009926600985675285,-0.004389151631895384,0.06852283383835833,2.3416596254076567,12.175765470177593,576,,0.0,0.0,1.0
50002,small_drift,hybrid,0.03927671188646845,0.014721191222034245,0.05587500762119583,1.7806744592375634,6.045349413834884,576,,0.0,1.0,0.0
50002,small_drift,gate,0.053398730581195264,0.026308365750685066,0.055915420371622934,1.7258306600232005,4.1241768450429985,576,0.8620800158008691,1.0,0.0,0.0
50003,small_drift,evolution,-0.06297935014156676,-0.0666745007345668,0.05262686731561794,1.9349131009381997,23.215599424969692,576,,1.0,0.0,0.0
50003,small_drift,random,-0.030075130346117245,-0.06833914644442948,0.0681956356819774,2.5546963058549643,25.735313231029828,576,,0.0,0.0,1.0
50003,small_drift,hybrid,-0.04409242648313428,-0.06462561918672971,0.06874267057927926,2.5869416657945927,32.70681323216229,576,,0.0,1.0,0.0
50003,small_drift,gate,-0.03375057761272826,-0.05928638920379902,0.07121070722442939,2.663286679638771,29.368175012032886,576,1.170382486688007,0.6666666666666666,0.3333333333333333,0.0
50004,small_drift,evolution,-0.08154231063409384,-0.03577130360942906,0.0492157877482435,1.8623058779309636,26.556122312576914,576,,1.0,0.0,0.0
50004,small_drift,random,-0.0721307938251667,-0.036598491181898896,0.06299793918306085,2.3157634791791466,26.552106720143918,576,,0.0,0.0,1.0
50004,small_drift,hybrid,-0.06998465820418451,-0.036743414010620035,0.06310998988132809,2.1876711023721445,30.310326774401403,576,,0.0,1.0,0.0
50004,small_drift,gate,-0.04438972189320305,-0.04241448067600821,0.0734463280732924,2.4314518064360464,54.89425143427572,576,1.0266587163002303,0.9166666666666666,0.08333333333333333,0.0
50005,small_drift,evolution,0.0838164730765367,0.04279800023411637,0.10377142085835246,3.2916185097582815,19.601575814806502,576,,1.0,0.0,0.0
50005,small_drift,random,0.0580894192974743,0.008516347387213437,0.07385709138292386,2.225424152623172,25.6095347835329,576,,0.0,0.0,1.0
50005,small_drift,hybrid,0.07945018987047621,0.002010746257800525,0.08542998057114128,2.617799777075213,29.003487816663082,576,,0.0,1.0,0.0
50005,small_drift,gate,0.1142679955080024,-0.0054897240322951645,0.08929368739507097,2.8466450779321533,30.796480186318593,576,0.9835911897507618,0.8333333333333334,0.16666666666666666,0.0
60000,moderate_rotation,evolution,-0.01579206114986367,0.019914724148907017,0.05533286128486311,2.031730450236288,14.861917798914604,576,,1.0,0.0,0.0
60000,moderate_rotation,random,-0.04188939441171369,0.0037018787678937157,0.04973450897852304,1.7413724077852288,14.34890964022458,576,,0.0,0.0,1.0
60000,moderate_rotation,hybrid,-0.028121435608067357,0.011102165431038383,0.07034116816447734,2.595803325249345,18.696452264522154,576,,0.0,1.0,0.0
60000,moderate_rotation,gate,-0.04587302996607362,0.011649731549705184,0.05217973300992551,1.9010464553047617,15.076987390670867,576,1.280260953688363,0.3333333333333333,0.6666666666666666,0.0
60001,moderate_rotation,evolution,-0.03126753201278619,-0.010009063749906112,0.05852475164371814,2.2443758453977063,16.62544830162122,576,,1.0,0.0,0.0
60001,moderate_rotation,random,-0.018637307469853946,-0.0021184932199263826,0.06515561093220985,2.3642050840075552,15.130712653824439,576,,0.0,0.0,1.0
60001,moderate_rotation,hybrid,-0.04025125786639071,-0.01705126700663803,0.06596362570949946,2.5143222097444116,20.576854795919505,576,,0.0,1.0,0.0
60001,moderate_rotation,gate,-0.035776544071436274,-0.01413696644816297,0.0666562146747501,2.5460634265003903,15.833331807328307,576,1.3242597202400144,0.4166666666666667,0.5833333333333334,0.0
60002,moderate_rotation,evolution,0.007661550709610053,0.007070881521689724,0.0601583099851835,2.134365439466747,43.82581621679914,576,,1.0,0.0,0.0
60002,moderate_rotation,random,0.029811096563306085,0.015256438218485414,0.06792777335930829,2.250790640592088,28.483061946302758,576,,0.0,0.0,1.0
60002,moderate_rotation,hybrid,0.017159507140829852,0.015377078217380546,0.05578694490012356,1.9001546405947007,43.2545567933542,576,,0.0,1.0,0.0
60002,moderate_rotation,gate,0.03174830921623167,0.02826040219775172,0.06583876360372934,2.3338441738608493,51.319667159368684,576,1.0542190830834908,0.9166666666666666,0.08333333333333333,0.0
60003,moderate_rotation,evolution,-0.0787670425785598,-0.08294742443176537,0.043973042826185575,1.6909955010943176,21.66210925375428,576,,1.0,0.0,0.0
60003,moderate_rotation,random,-0.08154190097248071,-0.07035679349773148,0.06226251523304586,2.1015818228953878,30.300832892076947,576,,0.0,0.0,1.0
60003,moderate_rotation,hybrid,-0.08953807690450817,-0.07717104945302683,0.04551439718614939,1.767414051495028,22.31208303356205,576,,0.0,1.0,0.0
60003,moderate_rotation,gate,-0.13261648531231457,-0.09514558324965111,0.05727749828006983,2.2587091502065664,31.3850660938659,576,1.2906308844278465,0.3333333333333333,0.6666666666666666,0.0
60004,moderate_rotation,evolution,0.1493028684722877,0.09693806115563264,0.08403778186836416,2.2983695825362833,13.40827418361025,576,,1.0,0.0,0.0
60004,moderate_rotation,random,0.21173419724439763,0.1232958686176839,0.08438285556548976,2.486260767366521,16.608596617904713,576,,0.0,0.0,1.0
60004,moderate_rotation,hybrid,0.2043254810934755,0.11657027544530908,0.08906393031634258,2.4286699453086884,17.260644276695658,576,,0.0,1.0,0.0
60004,moderate_rotation,gate,0.18795406666010633,0.09033078683522053,0.09328834157191061,2.7428919359012873,18.216073705471185,576,1.446926300086517,0.16666666666666666,0.8333333333333334,0.0
60005,moderate_rotation,evolution,-0.051627195768693665,0.017808737807674502,0.06921855267976063,2.665075998067736,38.67368589066691,576,,1.0,0.0,0.0
60005,moderate_rotation,random,-0.041323652778603344,0.007020257247516535,0.06908182898856953,2.5486109671504096,39.9322154863282,576,,0.0,0.0,1.0
60005,moderate_rotation,hybrid,-0.05080942173491742,0.009323228484321957,0.06606656640328581,2.485725798598323,36.39675962813805,576,,0.0,1.0,0.0
60005,moderate_rotation,gate,-0.03512666636098838,0.024730789524709695,0.06933704550475464,2.6049881544254574,36.299407584246445,576,1.1899282186594569,0.5,0.5,0.0
70000,mean_reversion,evolution,-0.01832250180408935,0.0231793069143765,0.09626606539101969,3.3576033987226923,43.36645439988975,576,,1.0,0.0,0.0
70000,mean_reversion,random,0.034479202760744496,0.06644705952484586,0.08935135380496884,3.0165273177525633,31.15613861866548,576,,0.0,0.0,1.0
70000,mean_reversion,hybrid,0.049859234271625294,0.054737352398399025,0.08394148368575893,3.027168500167245,28.07585615506203,576,,0.0,1.0,0.0
70000,mean_reversion,gate,-0.022620360557268446,0.0439227923078538,0.10514133857654179,3.6727737449625186,35.92199096205454,576,1.835878283441635,0.16666666666666666,0.8333333333333334,0.0
70001,mean_reversion,evolution,-0.02007796691855991,-0.009620151911432357,0.059349663700686534,1.9578580302052786,22.678246329336847,576,,1.0,0.0,0.0
70001,mean_reversion,random,0.008111370030787497,-0.014774757339186645,0.09622796788325702,3.473531638109408,24.39093446431566,576,,0.0,0.0,1.0
70001,mean_reversion,hybrid,0.022550384757293505,-0.0033969088545869417,0.09917704487050177,3.5257131262372186,25.256541839886378,576,,0.0,1.0,0.0
70001,mean_reversion,gate,0.030840775103316932,0.00497650448081406,0.10085590772769557,3.585599089802662,21.300974640561993,576,1.9667623148725968,0.08333333333333333,0.9166666666666666,0.0
70002,mean_reversion,evolution,0.031077431466536697,0.007339492495913286,0.08644186775800428,2.9182582986534196,26.809886834975455,576,,1.0,0.0,0.0
70002,mean_reversion,random,0.13973882124826842,0.0716807694352405,0.09620971800631174,3.007678127587115,13.764749482153713,576,,0.0,0.0,1.0
70002,mean_reversion,hybrid,0.1507331792644081,0.08856758738482018,0.10531734460912348,3.3335832267855436,13.081970890353466,576,,0.0,1.0,0.0
70002,mean_reversion,gate,0.13339086073105694,0.08075199715303046,0.10212995775332706,3.163819755926049,16.81593174972494,576,1.6833656675969515,0.16666666666666666,0.8333333333333334,0.0
70003,mean_reversion,evolution,-0.008889527564603053,0.04875375936542353,0.09366875536607516,2.9418157987043267,19.851444371390137,576,,1.0,0.0,0.0
70003,mean_reversion,random,-0.021205731891331285,0.005290277653541061,0.07212121160870553,2.4533230615251362,22.436607634910306,576,,0.0,0.0,1.0
70003,mean_reversion,hybrid,-0.05168799693134166,-0.001193442473308866,0.07684653130773478,2.5566084928484667,26.361261513223354,576,,0.0,1.0,0.0
70003,mean_reversion,gate,0.0021575773430043133,0.03914156074733241,0.09384665858750763,2.9718158078441452,21.52815162903151,576,1.7111516128214637,0.16666666666666666,0.8333333333333334,0.0
70004,mean_reversion,evolution,0.018539031817825666,-0.018315816060754983,0.05015499751466156,1.6955454821180402,13.999154267343503,576,,1.0,0.0,0.0
70004,mean_reversion,random,-0.018500193496741375,-0.03406670145741712,0.05972682997785067,2.0576224675527035,29.300094534455397,576,,0.0,0.0,1.0
70004,mean_reversion,hybrid,-0.015715952423619506,-0.01805945658755195,0.05222425454939537,1.889036500355996,22.918757117189116,576,,0.0,1.0,0.0
70004,mean_reversion,gate,0.014492902658207463,-0.014209763737606705,0.05073860327340915,1.7566516549489375,17.262423785477818,576,1.6237974195185811,0.16666666666666666,0.8333333333333334,0.0
70005,mean_reversion,evolution,-0.11136870399475794,-0.09140603340529996,0.054154185024733244,2.1680290272753533,33.86477313194351,576,,1.0,0.0,0.0
70005,mean_reversion,random,-0.07137592089697532,-0.07381537668115808,0.06788566863323857,2.5346625952286153,21.888236169660637,576,,0.0,0.0,1.0
70005,mean_reversion,hybrid,-0.06409322274303045,-0.06094893175179803,0.06363379739110486,2.3538610757019853,15.612364295172618,576,,0.0,1.0,0.0
70005,mean_reversion,gate,-0.11392972762116198,-0.09950288927841598,0.05568329215594608,2.1904116689031885,27.860722893794858,576,1.6505864087153892,0.25,0.75,0.0
80000,correlation_break,evolution,-0.015306106779528685,0.026230644894290934,0.05244780640862885,1.8710848141974572,7.261284379370054,576,,1.0,0.0,0.0
80000,correlation_break,random,-0.050893360813645545,0.028321186727473073,0.07821706860362676,3.0152668715062836,15.341792408485121,576,,0.0,0.0,1.0
80000,correlation_break,hybrid,-0.04548318543244961,0.03119498486142459,0.0677666680088159,2.628297934764279,12.614024679073282,576,,0.0,1.0,0.0
80000,correlation_break,gate,-0.037737232848636934,0.04845189947114655,0.08078358134105353,3.064460064591335,13.455230741911432,576,2.6832322824410304,0.08333333333333333,0.16666666666666666,0.75
80001,correlation_break,evolution,-0.05642868266799334,-0.02066860768549634,0.041765002720874585,1.558455615357449,11.853767582407265,576,,1.0,0.0,0.0
80001,correlation_break,random,-0.029827039706919578,-0.0397678550898594,0.06171347334277788,2.0863474042759464,19.99978705293619,576,,0.0,0.0,1.0
80001,correlation_break,hybrid,-0.05542062613673011,-0.02740553467389611,0.046857782200508055,1.6573045316280217,14.89731232413027,576,,0.0,1.0,0.0
80001,correlation_break,gate,-0.031000738636751318,-0.02847826505776106,0.057746439769271275,1.9746214758739113,16.650409267863562,576,2.8184309748630856,0.08333333333333333,0.08333333333333333,0.8333333333333334
80002,correlation_break,evolution,-0.013833223332525887,0.0246799736711665,0.11249584170589477,4.0245817025887245,29.85911002189023,576,,1.0,0.0,0.0
80002,correlation_break,random,-0.07819040852743395,-0.0016063913084595864,0.07550074968379757,2.9642065780046627,21.771917340853204,576,,0.0,0.0,1.0
80002,correlation_break,hybrid,-0.0598000387346779,-0.012508982810620142,0.06776342615702498,2.820857875418842,22.629610973899286,576,,0.0,1.0,0.0
80002,correlation_break,gate,-0.10113991927502572,-0.0330985650296681,0.07510354649768365,3.119998389233742,23.92583507070285,576,2.7268296536491516,0.08333333333333333,0.08333333333333333,0.8333333333333334
80003,correlation_break,evolution,0.05568555716989344,0.11656911242655549,0.10915521772153869,3.7663646779851203,4.922154432611897,576,,1.0,0.0,0.0
80003,correlation_break,random,0.09368654719758902,0.12354633531351782,0.09547737884016137,3.063518951318401,6.015634993441503,576,,0.0,0.0,1.0
80003,correlation_break,hybrid,0.08678619357034595,0.12010678065258017,0.09742684956524045,3.1641181098215636,7.436197641721639,576,,0.0,1.0,0.0
80003,correlation_break,gate,0.08895505707747015,0.12386068656660393,0.09314765081088637,2.9631857644001047,5.9788494011909386,576,2.7563632799072324,0.16666666666666666,0.0,0.8333333333333334
80004,correlation_break,evolution,0.010959000772563673,-0.004687938389985228,0.05520350647504626,2.1154984250662414,9.576368245450366,576,,1.0,0.0,0.0
80004,correlation_break,random,-0.004675011465448025,-0.003420070707351715,0.07154246935368228,2.818157473209508,11.390234184325223,576,,0.0,0.0,1.0
80004,correlation_break,hybrid,-0.022571790520522033,-0.01231743339085401,0.06868846658965895,2.746262876749689,10.460402399835294,576,,0.0,1.0,0.0
80004,correlation_break,gate,-0.03943531173041681,-0.008220166186534993,0.0649179818286994,2.629897682224224,14.63155371464266,576,2.915540981371592,0.08333333333333333,0.08333333333333333,0.8333333333333334
80005,correlation_break,evolution,0.20231673296443453,0.050783938109812854,0.10426263911724208,3.059673234530353,26.287332992574136,576,,1.0,0.0,0.0
80005,correlation_break,random,0.23399665570444111,0.07830281434242187,0.12173931168149468,3.4252213791222674,21.289604607692947,576,,0.0,0.0,1.0
80005,correlation_break,hybrid,0.2030285091437432,0.057585650554639774,0.11705698801239196,3.496601851764558,20.145327314237107,576,,0.0,1.0,0.0
80005,correlation_break,gate,0.2131937570596758,0.05399524158458394,0.11400388301664807,3.2541506921373915,16.401695133098947,576,2.9064339996924136,0.08333333333333333,0.16666666666666666,0.75
