signalname,op_t_raw,cites_raw,pub_year,is_mean,is_vol_raw,is_n,cat_data,stock_weight,rt_raw,op_t,vol,cites,rt,pubyear_z,in_sample,post_sample,post_pub,decline_pp
AM,5.69,29625.0,1992,0.6229211249515869,3.268590865611081,336,Accounting,EW,3.4933502838924584,0.44622078984122554,0.16587264952974237,2.616266575284937,-0.17540038785438708,-1.6305984826634936,0.6229211249515869,1.486964825979106,0.4681645056669595,0.15475661928462742
AbnormalAccruals,8.43,139.0,2001,0.5331654459476943,1.7126711195571849,246,Accounting,EW,4.882649779719879,1.5782075896280638,-1.1304420968637616,-1.3602144253084705,0.38003044105141714,-0.4620374353671563,0.5331654459476943,-0.008408935618112921,-0.12792889754196307,0.6610943434896575
Accruals,4.71,56.0,1996,0.6864724185765431,1.9518855759968785,360,Accounting,EW,6.672982536317991,0.04134959867658969,-0.8682092455385008,-2.0344357574814147,1.0957911607530162,-1.1112380171984548,0.6864724185765431,0.5942560644358408,0.09953759198926482,0.5869348265872782
AccrualsBM,5.5,22.0,2004,1.4453724700725552,4.479427478962235,228,Accounting,EW,4.872195340853789,0.3677253548195103,0.797951871279392,-2.727336216088416,0.37585083999161917,-0.07251708626837718,1.4453724700725552,2.278841149376534,0.8965328529637516,0.5488396171088036
Activism1,3.13,2036.0,2005,0.2402973011435394,2.8250175228032743,135,13F,VW,0.9883132808436659,-0.6114019136092516,-0.12665226380320463,0.6304871131541226,-1.1768941501582784,0.05732303009788254,0.2402973011435394,-0.141262840262018,0.1498519794789564,0.090445321664583
Activism2,2.0,2037.0,2005,0.4383249726952884,4.861004162746303,135,13F,VW,1.0477003902728024,-1.0782431850541885,0.9619201214884835,0.6308512761392528,-1.153151658697213,0.05732303009788254,0.4383249726952884,1.1475150585173013,0.16078676931185512,0.27753820338343327
AnalystRevision,3.169151376,117.0,1984,0.9612854729837959,1.363494831984546,58,Analyst,EW,5.369240777797562,-0.5952271541838898,-1.5877553829003261,-1.487995188985887,0.5745656310605576,-2.6693194135935716,0.9612854729837959,1.2368591337692039,0.5348684330241866,0.4264170399596092
AnnouncementReturn,9.25,3314.0,1996,1.1476451663392677,1.251954332338649,192,Price,EW,12.701931281773048,1.9169773618270447,-1.7589353377463872,0.9917802327253106,3.506116658729504,-1.1112380171984548,1.1476451663392677,1.2883669015448003,0.7998486989941243,0.34779646734514347
AssetGrowth,8.45,2226.0,2008,1.4946683643990843,4.0579712839179685,432,Accounting,EW,7.655573782490336,1.5864702669987705,0.599761228914391,0.6966536352909223,1.4886232836870674,0.44684337919666167,1.4946683643990843,-0.39783373755342843,0.6665266413115017,0.8281417230875826
BMdec,5.71,5940.0,1992,0.9691142196610789,3.3296243711233564,336,Accounting,EW,5.33518352060431,0.4544834672119322,0.2029797764686736,1.4245537446237113,0.5609498119733706,-1.6305984826634936,0.9691142196610789,0.5140736829607125,0.617564125665052,0.3515500939960269
BPEBM,4.1,550.0,2007,0.22106631004831703,1.7246104922382515,468,Accounting,EW,2.7730293410973204,-0.21066206112996938,-1.116508243137481,-0.34016027259445575,-0.4633789407413113,0.317003262830402,0.22106631004831703,-0.10510309965503159,-0.032297242165245356,0.2533635522135624
Beta,2.57,21173.0,1973,0.6789863431325771,8.489696193410195,480,Price,EW,1.7522235326174602,-0.8427568799890434,2.0803332283668112,2.367163191826249,-0.8714889401033638,-4.0975606936224285,0.6789863431325771,-1.9503766677303536,0.26265778163898956,0.41632856149358755
BetaFP,7.12,323.0,2014,-0.009859420550379265,9.586914826521308,1008,Price,EW,-0.032651473788426436,1.0370022218467652,2.3241218743341334,-0.7348982346834652,-1.5850676949209812,1.22588407739422,-0.009859420550379265,0.04833350312021047,-0.16097788562399729,0.151118465073618
BetaLiquidityPS,2.54,7459.0,2003,0.37018126041975513,3.5759791666351,384,Price,VW,2.0285469419487043,-0.8551508960451035,0.3461480628556532,1.593429206676073,-0.7610170506713994,-0.20235720263463688,0.37018126041975513,1.1035512409502748,-0.006675714350313062,0.3768569747700682
BetaTailRisk,2.48,1020.0,2014,0.45652071654807447,3.322141158742544,576,Price,EW,3.2980227731505862,-0.8799389281572242,0.1984668897859432,0.1178923339841737,-0.2534907647135911,1.22588407739422,0.45652071654807447,-0.22606323371531375,0.27505540869466777,0.1814653078534067
BookLeverage,5.34,29625.0,1992,0.26886825967083333,1.5370757288385628,336,Accounting,EW,3.206372018751831,0.30162393585385544,-1.347407197351396,2.616266575284937,-0.29013200343744533,-1.6305984826634936,0.26886825967083333,-0.3965892879242874,-0.028544556880941555,0.2974128165517749
BrandInvest,2.01,283.0,2014,0.5757106718677907,5.9688969043494335,432,Accounting,EW,2.004712395165708,-1.0741118463688353,1.3737314014215274,-0.8329441453409513,-0.7705459118824152,1.22588407739422,0.5757106718677907,-0.32951453833794325,-0.42996135677780817,1.005672028645599
CBOperProf,3.17,533.0,2016,0.4815079188202243,3.623010793087561,624,Accounting,VW,3.3199083977143493,-0.5948765588678379,0.37235569084272735,-0.36344474170506386,-0.2447410670212786,1.4855643101267393,0.4815079188202243,0.8629674392737626,0.5679045131635518,-0.08639659434332753
CF,3.379,7650.0,1994,0.8275561872491719,3.409906529345118,276,Accounting,EW,4.031898184745656,-0.5085315803439512,0.2507671344120509,1.6121804894798142,0.03990675641130847,-1.3709182499309742,0.8275561872491719,-0.4710706778053572,0.3850356806983065,0.4425205065508654
CPVolSpread,4.2,499.0,2009,0.9769581411100443,3.1933225048553107,107,Options,VW,3.164645467454226,-0.1693486742764349,0.11914498502291036,-0.412328729426033,-0.30681394498008324,0.5766834955629214,0.9769581411100443,0.5074523180311862,0.46289770915964407,0.5140604319504003
Cash,2.14,500.0,2012,0.7153460915989154,5.000348780252198,456,Accounting,EW,3.0549093805017162,-1.0204044434592405,1.0186074132427057,-0.4108440084009726,-0.3506855550396635,0.9662038446617005,0.7153460915989154,-0.3033067402543277,-0.12558129075447577,0.8409273823533912
CashProd,3.6,2.0,2009,0.5200294720230376,3.6178698009096544,492,Accounting,EW,3.188288225535476,-0.41722899539764047,0.369507567869731,-4.505658283071704,-0.2973617593583882,0.5766834955629214,0.5200294720230376,-0.16252769203908304,0.2025033662409335,0.3175261057821041
ChAssetTurnover,5.12,919.0,2008,0.2908748614399139,1.1843739046479305,228,Accounting,EW,3.708384719784036,0.21073448477608017,-1.8702364918537555,0.04056251211212496,-0.08943133990665249,0.44684337919666167,0.2908748614399139,0.09817521889145128,0.04546226529441378,0.24541259614550015
ChEQ,5.38,111.0,2010,0.5624440041578984,3.033905065430169,528,Accounting,EW,4.2598495963111205,0.31814929059526914,0.01642874836413478,-1.5270367242887448,0.131039907942936,0.7065236119291811,0.5624440041578984,0.6884793883915145,0.4058739493126214,0.15657005484527703
ChInvIA,2.914,1123.0,1998,0.5016842759737974,1.20433750325835,180,Accounting,EW,5.588799524809938,-0.7006388292128855,-1.836709980552153,0.18923675393622744,0.6623434624157575,-0.8515577844659354,0.5016842759737974,0.44140477148707075,0.17880137563571052,0.32288290033808686
ChNAnalyst,3.34,116.0,2008,0.5683466100970784,5.233870372147809,284,Analyst,VW,1.8299932246085844,-0.5246438012168296,1.1101558272893088,-1.4943610469934872,-0.8403972391302389,0.44684337919666167,0.5683466100970784,0.529367913050309,0.10962672072379638,0.45871988937328206
ChNNCOA,5.26,919.0,2008,0.3554672226521279,1.2038818142566157,228,Accounting,EW,4.458442093580852,0.268573226371028,-1.8374690397074176,0.04056251211212496,0.21043560030753095,0.44684337919666167,0.3554672226521279,0.211900699097603,-0.08816808406649157,0.44363530671861945
ChNWC,4.61,919.0,2008,0.15318585875503077,0.877516597707295,228,Accounting,EW,2.6359111028712983,3.6211823055581456e-05,-2.47170304224943,0.04056251211212496,-0.5181977159188152,0.44684337919666167,0.15318585875503077,-0.19297771981461348,0.0723760857217517,0.08080977303327906
ChTax,11.26,196.0,2011,1.0547898262472477,2.1942814871745826,360,Accounting,EW,9.120630119364009,2.747376437583083,-0.6334205827546163,-1.1053643101805006,2.0743410918539884,0.8363637282954408,1.0547898262472477,0.36117710988871204,0.4255135064152096,0.6292763198320381
CitationsRD,2.6,1239.0,2013,0.206374627340535,1.6706808499015406,324,Other,VW,2.223490675881365,-0.830362863932983,-1.1802303501188243,0.26213848132928225,-0.6830801047116488,1.0960439610279602,0.206374627340535,0.1274563351128061,0.06193654272210553,0.14443808461842947
CompEquIss,4.39,1640.0,2006,0.23546497593807025,2.2087837630759206,432,Accounting,EW,2.215720570997529,-0.09085323925472004,-0.6202080608966561,0.47008194117258584,-0.6861865305106043,0.18716314646414225,0.23546497593807025,0.48633428354681196,0.342795347978841,-0.10733037204077073
CompositeDebtIssuance,8.59,663.0,2008,0.31559427318713346,1.1747177580374513,432,Accounting,EW,5.583897701362172,1.6443090085937186,-1.8866561672534279,-0.2015839894636842,0.6603837525987459,0.44684337919666167,0.31559427318713346,0.36029662022310843,0.22134147259297987,0.09425280059415359
ConsRecomm,3.197,1859.0,2001,0.5164989966932828,2.7488416887306584,50,Analyst,VW,1.3286321454420218,-0.5837219444173836,-0.18147887090750836,0.5630381587992038,-1.0408373894498388,-0.4620374353671563,0.5164989966932828,2.0719222811093303,0.10946106275121707,0.4070379339420657
ConvDebt,4.5,124.0,2016,0.38190667419086083,1.621815831450802,336,Accounting,EW,4.316436450920285,-0.04540851371583223,-1.2397701975487336,-1.4449015296017915,0.15366287991919914,1.4855643101267393,0.38190667419086083,0.514034121923586,0.2978915773937159,0.08401509679714492
CoskewACX,2.76,1691.0,2006,0.2975683652719586,2.233537560067297,468,Price,EW,2.8821489769217528,-0.7642614449673283,-0.5978548735688943,0.4927931203756751,-0.4197537829132883,0.18716314646414225,0.2975683652719586,0.7718974542800776,0.2825253799314751,0.015042985340483539
Coskewness,1.96,3704.0,2000,0.2858351161888769,2.335725703060494,360,Price,VW,2.3219079224020724,-1.0947685397956022,-0.5081264880222033,1.0742907109063022,-0.6437336765456562,-0.591877551733416,0.2858351161888769,-0.06888204120469255,0.26791392585343615,0.017921190335440762
CredRatDG,11.04,948.0,2001,0.4845504030594755,2.6103579530990846,156,Analyst,EW,2.3184684641713575,2.6564869865053073,-0.2851597407535271,0.06360337890357985,-0.6451087444426866,-0.4620374353671563,0.4845504030594755,1.2142089339165756,0.25100648017134186,0.23354392288813364
CustomerMomentum,3.79,1793.0,2008,1.092214803174748,6.1400584101059446,300,Other,VW,3.0810318168371675,-0.3387335603759254,1.4304377202335785,0.5362297735161079,-0.34024201388067266,0.44684337919666167,1.092214803174748,-0.10389084182875212,0.39362188375510293,0.6985929194196452
DebtIssuance,2.19,589.0,1999,0.1711744165934788,0.7765830417970541,180,Accounting,EW,2.957244319624842,-0.9997477500324735,-2.7167881442261232,-0.2893535833439987,-0.3897312654001001,-0.7217176680996757,0.1711744165934788,0.656067645666304,0.08756262545394201,0.08361179113953678
DelBreadth,3.96,1672.0,2002,0.6832617355122175,2.769095623637075,222,13F,EW,3.6764243485088013,-0.2685008027249172,-0.16675446759461057,0.4844131678885444,-0.10220884077155314,-0.3321973190008966,0.6832617355122175,1.647249872656636,0.2988572076359689,0.38440452787624857
DelCOA,8.71,2296.0,2005,0.5411303988206518,1.950857486259191,480,Accounting,EW,6.077108719082715,1.6938850728179602,-0.8692659758872714,0.719615776156312,0.8575655735241499,0.05732303009788254,0.5411303988206518,0.6700756806762134,0.1448100918089615,0.3963203070116903
DelCOL,4.49,2296.0,2005,0.35489526802498,1.7622141641726345,480,Accounting,EW,4.412270603678582,-0.049539852401185566,-1.0732448985060024,0.719615776156312,0.1919766078546758,0.05732303009788254,0.35489526802498,0.5837837923313579,0.09909331005550318,0.2558019579694768
DelDRC,3.59,77.0,2013,0.7038415422958584,3.6202657917246865,72,Accounting,EW,1.6496837173972267,-0.421360334082994,0.3708354562076946,-1.798264768787501,-0.9124835382693283,1.0960439610279602,0.7038415422958584,-0.17485108107645014,0.23157636225194153,0.4722651800439168
DelEqu,6.25,2296.0,2005,0.46633714953061006,3.171448955014676,468,Accounting,EW,3.1810113196891447,0.6775757562210172,0.1053588898492469,0.719615776156312,-0.30027100812601276,0.05732303009788254,0.46633714953061006,1.3241705146664167,0.29238687194957325,0.17395027758103682
DelFINL,8.01,2296.0,2005,0.7176076772037651,1.30417205779528,480,Accounting,EW,12.055155142883338,1.40469136484322,-1.6769758647023374,0.719615776156312,3.2475407303433386,0.05732303009788254,0.7176076772037651,0.563441037962335,0.19309085756823235,0.5245168196355328
DelLTI,3.38,2296.0,2005,0.1607695256599945,1.4212516569282947,480,Accounting,EW,2.4782970794545864,-0.5081184464754159,-1.5045439430777838,0.719615776156312,-0.5812105421211202,0.05732303009788254,0.1607695256599945,0.46742942306620144,0.12498040010185157,0.035789125558142926
DelNetFin,5.85,2296.0,2005,0.545275066928875,1.3400444565559309,480,Accounting,EW,8.914911822244266,0.5123222088068801,-1.6225515264129335,0.719615776156312,1.9920965616907793,0.05732303009788254,0.545275066928875,-0.19693330205081924,0.024900394348770345,0.5203746725801046
DivInit,3.37,1752.0,1995,0.5828336353206502,1.779471506807168,300,Event,EW,5.67301844886933,-0.5122497851607692,-1.0536983333654895,0.5190745182659559,0.6960135147985261,-1.2410781335647145,0.5828336353206502,0.40306461921006415,0.2638405079838462,0.31899312733680407
DivOmit,6.33,1752.0,1995,0.4834989705038736,2.9251236224382784,300,Event,EW,2.8629380854060833,0.7106264657038446,-0.05680827665560354,0.5190745182659559,-0.42743414372146155,-1.2410781335647145,0.4834989705038736,0.3858416389584787,0.8525561425240498,-0.3690571720201762
DivSeason,16.19363096,154.0,2013,0.3244241246637417,0.7341887851198201,1020,Event,EW,14.112549594054471,4.785626482013619,-2.8293847467288926,-1.2842144093577093,4.070070579977817,1.0960439610279602,0.3244241246637417,0.19294735802896365,0.09087123848341869,0.23355288618032302
DivYieldST,6.3,2252.0,1979,0.5732933874083508,2.3780370799135193,501,Accounting,EW,5.3960650100831264,0.6982324496477842,-0.4721180564097592,0.7052656416297418,0.585289744628496,-3.31851999542487,0.5732933874083508,0.23943662492651274,0.631186132133053,-0.05789274472470218
DolVol,2.86,2219.0,1998,0.7596280533851185,5.212267898004954,360,Trading,EW,2.7651934285761497,-0.722948058113794,1.1018601576332168,0.6943178289369394,-0.4665116759074427,-0.8515577844659354,0.7596280533851185,0.16265000463824986,0.3879428182350795,0.37168523515003904
EBM,3.0,550.0,2007,0.30053763603815226,1.6004782727825404,468,Accounting,EW,4.0623001587833105,-0.665109316518846,-1.2663339244113563,-0.34016027259445575,0.05206122252233969,0.317003262830402,0.30053763603815226,-0.10668074115323926,0.21421941198297456,0.0863182240551777
EarnSupBig,8.91,814.0,2007,0.3991017579340758,3.2060718533772845,360,Accounting,EW,2.361900726434539,1.7765118465250285,0.12713693580099902,-0.04941484105411617,-0.6277448732957198,0.317003262830402,0.3991017579340758,0.22648793179123564,0.4757742981535091,-0.07667254021943326
EarningsConsistency,2.67,57.0,2009,0.20664233388892791,1.6126787070177853,384,Accounting,EW,2.51094418290784,-0.8014434931355091,-1.2511022187661993,-2.021309434205668,-0.5681584912228979,0.5766834955629214,0.20664233388892791,0.2626976818786038,0.3616568259272051,-0.1550144920382772
EarningsForecastDisparity,5.08,106.0,2011,0.6557531977076103,2.567285459537031,288,Analyst,EW,4.334734475229872,0.19420913003466647,-0.3185316460938098,-1.5612187146182361,0.1609782837181187,0.8363637282954408,0.6557531977076103,0.0796449091487755,0.15290888706760972,0.5028443106400006
EarningsStreak,9.51,92.0,2012,1.0930536751606499,1.7203822000739843,276,Accounting,EW,10.555312349952576,2.0243921676462335,-1.1214318119036852,-1.6662692742278735,2.647915575214503,0.9662038446617005,1.0930536751606499,0.4047376565999785,0.6818815623458893,0.4111721128147606
EntMult,6.54,224.0,2011,0.8599385999229121,3.6364584768074555,564,Accounting,EW,5.616016338125652,0.7973845780962665,0.37978667299835484,-1.0063350386218315,0.6732245267402778,0.8363637282954408,0.8599385999229121,-0.06972288091092436,0.28140018311189646,0.5785384168110157
EquityDuration,4.368488219,494.0,2004,0.598883767672466,3.7216797443293297,426,Accounting,VW,3.3213018147287543,-0.09974048455833515,0.42624917300196663,-0.4197972507956222,-0.2441839900413712,-0.07251708626837718,0.598883767672466,1.5412137649720936,0.0075093086040521045,0.5913744590684139
ExchSwitch,3.61,385.0,1995,0.44659444574011015,2.8470926618941457,338,Event,EW,2.8838327239892743,-0.41309765671228715,-0.1110400644125045,-0.6046767970405207,-0.41908063429976766,-1.2410781335647145,0.44659444574011015,0.8467500502502217,0.7736962780864872,-0.3271018323463771
ExclExp,6.78,741.0,2003,0.2521456909794096,1.0502324761575152,144,Analyst,EW,2.8810271634554834,0.8965367065447488,-2.111331086994999,-0.11909706704696256,-0.4202022749665274,-0.20235720263463688,0.2521456909794096,0.5756826512165562,0.05089583847653441,0.2012498525028752
FEPS,2.66,13.0,2006,1.4786249733904058,7.4672741553297595,240,Analyst,EW,3.0676200059642955,-0.8055748318208624,1.822951179556665,-3.1174962753427904,-0.3456039486201729,0.18716314646414225,1.4786249733904058,0.34294956887160616,0.6445276782960143,0.8340972950943915
FirmAge,2.48,949.0,1984,-0.005405086656082898,2.1346499728358648,600,Other,EW,-0.062022835084950476,-0.8799389281572242,-0.6886824693361332,0.06438526395683436,-1.5968101302993978,-2.6693194135935716,-0.005405086656082898,-0.3435888431164397,-0.1393538083942491,0.13394872173816622
FirmAgeMom,7.21,2599.0,2006,2.2276189440080327,5.8240260313101615,228,Price,EW,5.7754392311155005,1.074184270014946,1.3244498273016634,0.8115454539175743,0.7369605245333068,0.18716314646414225,2.2276189440080327,0.5381911056907148,0.8432898810591131,1.3843290629489196
ForecastDispersion,2.88,2775.0,2002,0.7150248689975769,3.4828528524194677,299,Analyst,EW,3.549944922197697,-0.7146853807430872,0.2932222090618192,0.8601392192052157,-0.1527743040186757,-0.3321973190008966,0.7150248689975769,0.8260900239174455,0.3313305647822104,0.3836943042153665
Frontier,4.863206041,148.0,2009,2.0801046901959825,5.7121830722999425,288,Accounting,EW,6.179869713832399,0.1046442030779039,1.2855576512422808,-1.3136865486076132,0.8986485974973277,0.5766834955629214,2.0801046901959825,1.7090817862399408,0.48646468679952415,1.5936400033964584
GP,2.49,2980.0,2013,0.3010693855006836,3.0119791816792363,576,Accounting,VW,2.3989758282419333,-0.8758075894718707,0.0018807819520680015,0.9129962208328795,-0.6129225440639773,1.0960439610279602,0.3010693855006836,0.4379367231408764,1.0241899485981474,-0.7231205630974638
Governance,2.769230769,12361.0,2003,0.5179682959720546,2.5886093508336536,111,Other,VW,2.1081337049019244,-0.7604479016608021,-0.3019408206367859,1.9680389490607932,-0.7291988992578269,-0.20235720263463688,0.5179682959720546,-1.2940681420697007,-0.5385579978690395,1.056526293841094
GrAdExp,3.54,629.0,2014,0.4054591094938897,2.249994165445066,444,Accounting,EW,3.7971447696822254,-0.442017027509761,-0.5831308987925061,-0.24062552476654148,-0.05394578172662136,1.22588407739422,0.4054591094938897,0.34618052329812404,0.11041554345181082,0.2950435660420789
GrSaleToGrInv,2.372,1123.0,1998,0.31736648952984486,1.251813073751917,180,Accounting,EW,3.4014010202445606,-0.9245573859590411,-1.7591616582925074,0.18923675393622744,-0.21216096818902094,-0.8515577844659354,0.31736648952984486,0.41859911229412133,-0.026741874650273393,0.34410836418011825
GrSaleToGrOverhead,2.069,1123.0,1998,-0.05904718317759868,1.8250669927860323,180,Accounting,EW,-0.4340668566804947,-1.0497369481252499,-1.0029527262983358,0.18923675393622744,-1.7455503550852647,-0.8515577844659354,-0.05904718317759868,0.09384546666126371,-0.1298611824986775,0.07081399932107882
Herf,2.14,1316.0,2006,0.21272709003764206,1.9583958990658334,468,Other,EW,2.349877564113036,-1.0204044434592405,-0.8615304518519921,0.30685227877839716,-0.6325516374487035,0.18716314646414225,0.21272709003764206,0.08713434879747549,-0.3101278323149891,0.5228549223526311
HerfAsset,2.12,1316.0,2006,0.1799741613153379,2.320098978874099,468,Other,EW,1.6781337506453637,-1.0286671208299474,-0.5215905488789429,0.30685227877839716,-0.9011094424772621,0.18716314646414225,0.1799741613153379,0.032411624703683944,-0.3791548796239124,0.5591290409392503
HerfBE,2.52,1316.0,2006,0.22122261566544296,2.3262919902654966,468,Other,EW,2.0572554625431665,-0.8634135734158104,-0.5162438036321029,0.30685227877839716,-0.749539613705265,0.18716314646414225,0.22122261566544296,0.07925102574691208,-0.3384157710960924,0.5596383867615353
High52,2.0,1177.0,2004,0.4701974514645906,5.406438199541233,468,Price,EW,1.8814468508955817,-1.0782431850541885,1.175220731921072,0.22406695192537673,-0.8198264907893453,-0.07251708626837718,0.4701974514645906,-0.2862925918406421,0.20295159074032793,0.26724586072426265
IdioVol3F,3.1,6323.0,2006,0.9684962910088176,6.406102115870345,456,Price,VW,3.22839395903021,-0.6237959296653117,1.5155143667353868,1.470893476621134,-0.2813278078124773,0.18716314646414225,0.9684962910088176,0.19581800629766943,0.26852365174506077,0.6999726392637569
IdioVolAHT,2.699,748.0,2003,0.8943252905668114,5.747215378017717,264,Price,VW,2.52836635793801,-0.7894626109479842,1.2978210644368844,-0.11212411395796908,-0.5611932449621655,-0.20235720263463688,0.8943252905668114,0.12612429035700579,0.21982871878744978,0.6744965717793616
Illiquidity,6.6,14669.0,2002,0.3940535323330135,2.8266205130608144,408,Trading,EW,2.8159037107296805,0.822172610208387,-0.1255144802235772,2.0949965689756866,-0.4462381106069615,-0.3321973190008966,0.3940535323330135,-0.03755276167790182,0.042990231625354446,0.35106330070765907
IndIPO,3.97,936.0,1991,0.6687946878564215,3.473270541930862,152,Event,EW,2.373974206248547,-0.2643694640395637,0.28769626680025945,0.05415588930348785,-0.6229179926115963,-1.7604385990297535,0.6687946878564215,-0.091323925293523,0.43617999760952686,0.23261469024689463
IndMom,4.65,2565.0,1999,0.25690338925409634,2.1357190761329568,396,Price,EW,2.393719733222298,0.016561566564469297,-0.6876781834118878,0.801779623898216,-0.6150238888224917,-0.7217176680996757,0.25690338925409634,1.2947317029525103,0.31278572639083,-0.055882337136733684
IndRetBig,11.0,814.0,2007,2.327518681198812,4.627920171684503,360,Price,EW,9.54242085792141,2.639961631763894,0.8633634699496526,-0.04941484105411617,2.2429696562818493,0.317003262830402,2.327518681198812,1.4246532970593078,0.5904994779773508,1.737019203221461
IntMom,5.79,696.0,2012,1.2409349231874691,6.667448508897221,1008,Price,VW,5.909076365127477,0.4875341766947596,1.5957161315593276,-0.16556014438524339,0.7903875820826668,0.9662038446617005,1.2409349231874691,1.3150946235815295,0.6754164563153027,0.5655184668721664
IntanBM,3.99,1640.0,2006,0.39246081921957127,3.5921660781495026,432,Accounting,EW,2.2708150928876196,-0.25610678666885683,0.35520666197583833,0.47008194117258584,-0.664160181221996,0.18716314646414225,0.39246081921957127,0.275472929781154,0.09521593987151274,0.29724487934805854
IntanCFP,4.89,1640.0,2006,0.39361159033131915,3.5775977901970433,432,Accounting,EW,2.286747631955405,0.11571369501295123,0.3470557281258439,0.47008194117258584,-0.6577904795071591,0.18716314646414225,0.39361159033131915,0.5567133156895948,0.2985384596959284,0.09507313063539075
IntanEP,4.64,1640.0,2006,0.32403518118792796,2.836176424410041,432,Accounting,EW,2.374656494963386,0.012430227879115593,-0.11874516649239458,0.47008194117258584,-0.6226452190393217,0.18716314646414225,0.32403518118792796,0.2458939761857381,0.23172561820882642,0.09230956297910153
IntanSP,4.24,1642.0,2006,0.5607533188618715,4.6622906211951625,432,Accounting,EW,2.499852500055405,-0.1528233195350212,0.8782045234931183,0.4709858022281817,-0.5725928573327187,0.18716314646414225,0.5607533188618715,0.00869168166815864,0.18488012860567354,0.375873190256198
InvGrowth,6.64,220.0,2012,0.8608265839187778,2.679219803803838,540,Accounting,EW,7.466278844512783,0.8386979649498006,-0.23293391351825418,-1.0196978849116436,1.4129446811796025,0.9662038446617005,0.8608265839187778,0.1339655389972162,0.44558078624198605,0.4152457976767917
InvestPPEInv,7.13,665.0,2008,0.7967789499525444,2.1034322443872027,432,Accounting,EW,7.873198449258781,1.0411335605321186,-0.7182314757522296,-0.19935019890643324,1.5756278852266061,0.44684337919666167,0.7967789499525444,-0.4065068564740965,0.2172268001175877,0.5795521498349567
Investment,2.86,2415.0,2004,0.25738683910460275,1.9085465290657309,288,Accounting,VW,2.2886523525287426,-0.722948058113794,-0.9132457619775409,0.757090328568681,-0.6570289874530266,-0.07251708626837718,0.25738683910460275,-0.008957516033877823,0.07432682249641978,0.18306001660818297
LRreversal,3.29,13447.0,1985,0.784520058681048,6.5861048021615,648,Price,EW,3.032235429714748,-0.5453004946435966,1.5710954432991624,2.0304903539348955,-0.35975041925216705,-2.5394792972273117,0.784520058681048,-1.029088539836859,0.4772139298667306,0.3073061288143174
Leverage,3.93,2597.0,1988,0.3551290839096765,2.5738360177148976,360,Accounting,EW,2.6179214855824458,-0.2808948187809774,-0.3134204353975508,0.8109745394133848,-0.5253898210570199,-2.1499589481285324,0.3551290839096765,1.1064773653446909,0.32316337832997927,0.031965705579697246
MS,9.14,561.0,2005,1.104692012251532,3.78040715117324,288,Accounting,EW,4.959054504443507,1.8715326362881572,0.4576521421416526,-0.32547428963910124,0.4105764390259504,0.05732303009788254,1.104692012251532,-0.18908693449555913,0.5487053426323113,0.5559866696192207
MaxRet,2.83,2069.0,2011,0.8861230012349923,7.423410619627386,528,Price,VW,2.7428842907726514,-0.7353420741698542,1.8111345579539693,0.6424110683608127,-0.47543069080638006,0.8363637282954408,0.8861230012349923,0.3764997708983263,0.19944457987192324,0.6866784213630691
Mom12m,3.74,17341.0,1993,1.3406960070664518,5.285001460373349,312,Price,EW,4.48087162042715,-0.35939025380269246,1.1296552789846261,2.219096844650257,0.21940274578308924,-1.500758366297234,1.3406960070664518,0.1019764213937745,0.8531742264188287,0.4875217806476231
Mom12mOffSeason,4.2,442.0,2008,1.352855615923714,6.440830919798426,456,Price,EW,4.485304910121618,-0.1693486742764349,1.5263584921192532,-0.5022841732123445,0.22117513955216023,0.44684337919666167,1.352855615923714,1.3783683535668976,0.8800918325834889,0.47276378334022506
Mom6m,2.44,17341.0,1993,1.0166762570459411,5.001275224169013,312,Price,EW,3.5907008425815747,-0.8964642828986379,1.0189789927186919,2.219096844650257,-0.136480412953701,-1.500758366297234,1.0166762570459411,-0.9158138163789166,1.039263360052881,-0.02258710300693978
Mom6mJunk,4.29,593.0,2007,2.0904243449440734,7.450208038737587,228,Price,EW,4.236756241362982,-0.13216662610825414,1.8183619215294131,-0.2843341536630318,0.12180736930055965,0.317003262830402,2.0904243449440734,2.3256062110006837,0.4533777237509893,1.637046621193084
MomOffSeason,5.6,442.0,2008,1.2327521969055506,5.389245679966304,456,Price,EW,4.8846137115821255,0.4090387416730444,1.1688323210182117,-0.5022841732123445,0.3808156053053728,0.44684337919666167,1.2327521969055506,0.12317898479622912,0.41561520222531456,0.817136994680236
MomOffSeason06YrPlus,4.62,442.0,2008,0.6049775397366829,2.713181194651881,456,Price,EW,4.761489977316999,0.004167550508408919,-0.20766933041346958,-0.5022841732123445,0.33159172090445865,0.44684337919666167,0.6049775397366829,0.6175836969628148,0.5309497336969622,0.0740278060397207
MomOffSeason11YrPlus,1.77,441.0,2008,0.17540003840084434,2.3938051331599133,456,Price,EW,1.5646720023053822,-1.1732639748173173,-0.4588625388199759,-0.5039639426831799,-0.9464705421673222,0.44684337919666167,0.17540003840084434,0.17371190491410904,0.043224415201039736,0.1321756231998046
MomOffSeason16YrPlus,3.35,442.0,2008,0.34956825408201264,2.591752341221854,456,Price,EW,2.8801884685479076,-0.5205124625314761,-0.29950701367214616,-0.5022841732123445,-0.4205375784839569,0.44684337919666167,0.34956825408201264,0.3397522910310669,0.22082803185815117,0.12874022222386147
MomRev,4.29,17.0,2006,1.174099260804911,5.675310072223822,444,Price,EW,4.359199101336095,-0.13216662610825414,1.2725683744868799,-2.9185468998008415,0.1707590456041346,0.18716314646414225,1.174099260804911,1.3045270911896494,0.07336397225566625,1.1007352885492447
MomSeason,5.35,442.0,2008,0.8125412991394375,2.9716306844462665,456,Price,EW,5.838926808319427,0.30575527453920875,-0.025169623797909543,-0.5022841732123445,0.7623423502213648,0.44684337919666167,0.8125412991394375,0.7060254447075978,-0.06357680263619597,0.8761181017756334
MomSeason06YrPlus,6.15,442.0,2008,0.7463792467631403,2.5797521908757255,456,Price,EW,6.178228786135478,0.636262369367483,-0.30881538422620486,-0.5022841732123445,0.8979925677257685,0.44684337919666167,0.7463792467631403,0.3967924724983162,0.079715769569641,0.6666634771934993
MomSeason11YrPlus,6.43,442.0,2008,0.7490963309555085,2.3061864649752946,456,Price,EW,6.936264925140987,0.7519398525573787,-0.5336541675724672,-0.5022841732123445,1.201049354468234,0.44684337919666167,0.7490963309555085,0.5283378115100734,0.1611407314089829,0.5879555995465257
MomSeason16YrPlus,4.58,442.0,2008,0.5855347847426619,2.477315481138521,456,Price,EW,5.047238241219497,-0.012357804233004798,-0.39008334663814653,-0.5022841732123445,0.4458315918282112,0.44684337919666167,0.5855347847426619,0.5743261373745158,0.45720422243607334,0.1283305623065885
MomSeasonShort,7.6,442.0,2008,1.3607244373766851,3.3656236701456246,456,Price,EW,8.633503160912534,1.2353064787437293,0.22454900763612295,-0.5022841732123445,1.8795916291732104,0.44684337919666167,1.3607244373766851,-0.3694260540165161,0.12004061941000742,1.2406838179666777
MomVol,5.78,2509.0,2000,1.593673507127506,6.0944980128067465,372,Price,EW,5.043509965050118,0.4834028380094063,1.415499309764966,0.7854089936201173,0.44434105682883407,-0.591877551733416,1.593673507127506,4.13035373388048,1.1403157450452333,0.45335776208227285
NOA,8.45,1138.0,2004,1.0838061346863117,3.1005737699230935,468,Accounting,EW,7.56192669082185,1.5864702669987705,0.06002654580276268,0.19907702971982852,1.451183925286475,-0.07251708626837718,1.0838061346863117,1.5702722375641471,0.01799705389406672,1.065809080792245
NetDebtFinance,6.91,798.0,2006,0.7185302878634665,1.728782773548204,342,Accounting,EW,7.6863066358048355,0.9502441094543433,-1.11166171361573,-0.06413726804516962,1.500910032687107,0.18716314646414225,0.7185302878634665,1.01983142033165,0.36343320162586495,0.35509708623760156
NetDebtPrice,2.34,550.0,2007,0.5467213411727078,3.059598407512403,462,Accounting,EW,3.840807919111231,-0.9377776697521721,0.03334325039493491,-0.34016027259445575,-0.03648960373704612,0.317003262830402,0.5467213411727078,0.5237245467887548,0.09617751198467792,0.4505438291880298
NetEquityFinance,3.82,798.0,2006,0.7116735997307342,4.371930287138892,342,Accounting,EW,3.01037556565968,-0.3263395443198652,0.7492313771745269,-0.06413726804516962,-0.3684898180990971,0.18716314646414225,0.7116735997307342,0.6597682654328455,1.0197717461498654,-0.30809814641913125
NetPayoutYield,2.83,777.0,2007,0.8833968202277976,5.253988970098597,240,Accounting,EW,2.6047874803746627,-0.7353420741698542,1.117850931345178,-0.08391491755803836,-0.5306406913130891,0.317003262830402,0.8833968202277976,0.7268118218720541,1.49354706742342,-0.6101502471956223
OPLeverage,3.38,534.0,2011,0.3516415398311557,3.2824071472205096,552,Accounting,EW,2.516965498193695,-0.5081184464754159,0.17433298257170116,-0.36205464213345745,-0.5657512175210285,0.8363637282954408,0.3516415398311557,2.0248819923110415,-0.029287105957336256,0.38092864578849195
OScore,3.36,1615.0,1998,0.9878486750353846,4.027457527837036,180,Accounting,EW,3.290756175966703,-0.5163811238461228,0.5846222082790131,0.45868973706351507,-0.2563958921604021,-0.8515577844659354,0.9878486750353846,1.3416484284772539,1.1061040984573869,-0.11825542342200224
OperProf,2.55,1599.0,2006,0.7254259093311245,4.311504108909906,324,Accounting,EW,3.0285640551695217,-0.8510195573597502,0.7213159860778015,0.4513058014733883,-0.36121820543722155,0.18716314646414225,0.7254259093311245,0.8278913474794071,0.45427415373250185,0.27115175559862265
OperProfRD,1.84,533.0,2016,0.3231087467644222,4.32156531349023,618,Accounting,VW,1.8586682113928368,-1.1443446040198435,0.7259910553436489,-0.36344474170506386,-0.8289332087132736,1.4855643101267393,0.3231087467644222,1.1501796655105443,0.9756887727587079,-0.6525800259942858
OptionVolume1,3.45,460.0,2012,0.752514803892527,4.7835647851152725,178,Options,EW,2.098811277325278,-0.4791990756779418,0.9297100661004568,-0.4726813024808933,-0.7329259312562278,0.9662038446617005,0.752514803892527,0.6887182704990388,0.09656888165439342,0.6559459222381336
OptionVolume2,2.45,457.0,2012,0.5741053753641188,3.3790968240184927,177,Options,EW,2.2603599840793374,-0.8923329442132844,0.2325622632611672,-0.4775337815441565,-0.6683400501193256,0.9662038446617005,0.5741053753641188,0.3142977252078977,-0.1905061535287833,0.7646115288929021
OrderBacklog,2.38,295.0,2003,0.49631785922468136,2.2436227608493353,228,Accounting,EW,3.3402385907298147,-0.9212523150107584,-0.5888186754595995,-0.8021458968328954,-0.23661321842397542,-0.20235720263463688,0.49631785922468136,-0.06174134784431353,-0.29681739229171006,0.7931352515163914
OrgCap,2.85,1211.0,2013,0.40909254739290396,3.0181196001727293,468,Accounting,VW,2.9322976252184607,-0.7270793967991473,0.005965638420477802,0.24518647687274342,-0.3997047543376627,1.0960439610279602,0.40909254739290396,-0.039097826242912574,0.18454776479814589,0.22454478259475807
PS,5.594,1956.0,2000,1.0480293709852773,4.56728764413617,252,Accounting,VW,3.6426325185081683,0.40655993846183264,0.8369117738274342,0.600758968570854,-0.11571854418961809,-0.591877551733416,1.0480293709852773,0.8021869280335655,0.5949707941048267,0.4530585768804506
PatentsRD,4.13,1245.0,2013,0.4556732439454061,3.6901875573984895,321,Other,VW,2.212369204669427,-0.198268045073909,0.4092048048838676,0.26572118348691737,-0.6875263799693965,1.0960439610279602,0.4556732439454061,-3.277597268655198,-5.224885000648185,5.680558244593591
PayoutYield,3.92,777.0,2007,0.4326195010725782,2.939665259394185,240,Accounting,EW,2.2798896813767904,-0.2850261574663309,-0.046861899771961806,-0.08391491755803836,-0.660532233308924,0.317003262830402,0.4326195010725782,0.28438856940025575,0.20123207523050776,0.23138742584207042
PctAcc,3.29,211.0,2011,0.45479014274863616,2.015608229382712,240,Accounting,EW,3.495509937313951,-0.5453004946435966,-0.8037748070043065,-1.0506748293534944,-0.17453697568613136,0.8363637282954408,0.45479014274863616,0.6564977285165958,0.11979380274932488,0.3349963399993113
PctTotAcc,3.29,211.0,2011,0.49579007185719315,1.6375706813744746,240,Accounting,EW,4.690329921896752,-0.5453004946435966,-1.2203798811621822,-1.0506748293534944,0.30314249977844704,0.8363637282954408,0.49579007185719315,-0.2164628837062578,0.38814211127382864,0.10764796058336451
Price,2.9,187.0,1973,1.430288612861401,10.247952952885436,480,Price,EW,3.057786625713916,-0.7064227033723803,2.4578618292429586,-1.1402248328175526,-0.349535255411702,-4.0975606936224285,1.430288612861401,-1.6077660233258022,0.3285472199342003,1.1017413929272006
PriceDelayRsq,3.4,1376.0,2005,0.4916899442867479,3.85295489669982,456,Price,EW,2.7250835536035765,-0.499855769104709,0.49577840544897184,0.33991650216328634,-0.4825472831830765,0.05732303009788254,0.4916899442867479,1.5479327390459072,-0.2528296676408409,0.7445196119275888
PriceDelaySlope,7.7,1370.0,2005,0.1609241048209786,1.8439128276216437,456,Price,EW,1.8636447819801583,1.2766198655972638,-0.9823475192121763,0.3366756321653278,-0.8269436155875826,0.05732303009788254,0.1609241048209786,0.555035624435221,-0.11071797000395213,0.27164207482493075
PriceDelayTstat,7.39,1370.0,2005,0.16230680907209602,1.8299898188565529,456,Price,EW,1.8939586258278698,1.1485483663513076,-0.9975498661093322,0.3366756321653278,-0.814824383221758,0.05732303009788254,0.16230680907209602,0.5703103497426459,-0.10632609356408244,0.26863290263617845
ProbInformedTrading,2.496,2835.0,2002,1.6614716542224288,5.4008786644306355,60,Trading,EW,2.382890802334854,-0.8733287862606587,1.173157140388013,0.8760033086899974,-0.6193532087978039,-0.3321973190008966,1.6614716542224288,1.2751615082083732,0.36702285180790317,1.2944488024145255
RDAbility,2.61,543.0,2013,0.30779944972830603,3.361872367944149,360,Accounting,EW,1.7371521887069674,-0.8262315252476297,0.2223121839503825,-0.34965962539987777,-0.8775143428808577,1.0960439610279602,0.30779944972830603,0.019821947964283774,0.21259483088226414,0.0952046188460419
RDIPO,2.68,277.0,2006,0.9018794976383524,4.335235855123539,192,Event,EW,2.882613383755209,-0.7973121544501556,0.7323258384050456,-0.8488365657232542,-0.41956811677489925,0.18716314646414225,0.9018794976383524,0.43987026771189347,0.6988447543508298,0.20303474328752258
RDS,5.84,75.0,2011,0.4884360963662061,2.2794894221994415,336,Accounting,EW,3.9277135694487066,0.5081908701215267,-0.5570085192037546,-1.8177821558290843,-0.001745419672692131,0.8363637282954408,0.4884360963662061,-0.0040022142141693485,-0.103338828504811,0.5917749248710171
RDcap,2.64,709.0,2011,0.4307621132596785,3.694002226321653,330,Accounting,VW,2.118348043402972,-0.8138375091915693,0.4112771264489783,-0.151835862678137,-0.7251152884040113,0.8363637282954408,0.4307621132596785,0.5508562167916169,-0.1925440501538113,0.6233061634134898
REV6,4.07,3322.0,1996,1.132681550485282,1.770268200511636,192,Analyst,EW,8.86582945417826,-0.2230560771860294,-1.0640987670002968,0.9935683418599484,1.9724738234248842,-1.1112380171984548,1.132681550485282,1.3305200241150748,0.546449301525322,0.5862322489599601
RIO_Disp,2.47,1500.0,2005,0.6087758220955518,3.9351221154023444,288,13F,EW,2.6253996663003183,-0.8840702668425775,0.5381024897292639,0.40390653477747945,-0.5224001042052466,0.05732303009788254,0.6087758220955518,-0.6344502446865611,0.3897121745907817,0.2190636475047701
RIO_MB,4.91,1500.0,2005,0.8829100823166649,4.084958130752591,288,13F,EW,3.667964388770271,0.12397637238365826,0.6130558563281437,0.40390653477747945,-0.10559106502499464,0.05732303009788254,0.8829100823166649,-0.6783626926745635,0.08089151690279792,0.802018565413867
RIO_Turnover,2.71,1500.0,2005,0.6414246981249377,3.9543060562453034,288,13F,EW,2.7527808756128804,-0.7849181383940954,0.5478567931889686,0.40390653477747945,-0.4714741153252443,0.05732303009788254,0.6414246981249377,-0.34211593249511113,0.43082427761225917,0.21060042051267858
RIO_Volatility,4.38,1500.0,2005,0.9965503331304488,4.079158077283671,288,13F,EW,4.14595846495556,-0.09498457794007338,0.610205980098247,0.40390653477747945,0.08550714435680638,0.05732303009788254,0.9965503331304488,-0.04757529479089986,0.9247045291785071,0.07184580395194173
RIVolSpread,2.9,500.0,2009,1.045060952109228,4.998685426350447,107,Options,VW,2.162607490521171,-0.7064227033723803,1.0179401000394703,-0.4108440084009726,-0.7074207153665878,0.5766834955629214,1.045060952109228,0.38646868585777455,0.15765646838479996,0.887404483724428
RealizedVol,2.86,6340.0,2006,0.8485354046463082,6.934196502916035,456,Price,VW,2.6131012904574416,-0.722948058113794,1.6743968867731727,1.4728847128127975,-0.527316896523332,0.18716314646414225,0.8485354046463082,0.5090497969360007,0.05022266205110579,0.7983127425952024
Recomm_ShortInterest,4.09,276.0,2011,0.8173478064157346,3.5031769888454516,156,Analyst,EW,2.914117917144591,-0.21479339981532272,0.30489261592043393,-0.8515187310494221,-0.40697285625165736,0.8363637282954408,0.8173478064157346,0.5495092328601606,0.4469477388492103,0.37040006756652427
ResidualMomentum,8.218550486,346.0,2011,0.9503154714338249,3.583599905420126,955,Price,EW,8.195019081070837,1.4908506339093257,0.35041791519374726,-0.6838849704281705,1.7042892003881027,0.8363637282954408,0.9503154714338249,0.5163705348130133,0.3261864293680202,0.6241290420658047
ReturnSkew,4.01,444.0,2015,0.40910164654499487,1.89978299473211,600,Price,EW,5.274761853045114,-0.24784410929815015,-0.922476759747059,-0.4989360054291612,0.5367937124447463,1.3557241937604796,0.40910164654499487,0.17394031654166373,0.2784600917022319,0.13064155484276296
ReturnSkew3F,4.35,444.0,2015,0.2858722248119361,1.6028005804489383,600,Price,EW,4.368859675776442,-0.10737859399613375,-1.263425698149899,-0.4989360054291612,0.17462126601465344,1.3557241937604796,0.2858722248119361,-0.12740152216416614,0.21315110741996315,0.07272111739197293
RoE,4.5,1647.0,1996,0.32123897876546714,1.5252835507455882,180,Accounting,EW,2.8256209536557493,-0.04540851371583223,-1.3628541616000949,0.47324064709174707,-0.4423532345890004,-1.1112380171984548,0.32123897876546714,0.5441476848170268,0.3796178159442777,-0.05837883717881054
SP,2.52,420.0,1996,0.7111349640154038,3.1114064502861054,156,Accounting,EW,2.8546809925517405,-0.8634135734158104,0.06702189520338048,-0.5401476019857746,-0.43073526341682894,-1.1112380171984548,0.7111349640154038,1.5759453872829583,0.8830331277187278,-0.171898163703324
STreversal,12.44,4115.0,1990,2.9679188578960907,5.317120194563922,648,Price,EW,14.208984760719245,3.2348744024547873,1.1418079033219606,1.1523278385603994,4.108624588467098,-1.8902787153960132,2.9679188578960907,2.987964717462687,1.6089490651773635,1.3589697927187272
ShareIss1Y,7.08,874.0,2008,0.7132510398957802,3.289660357700102,408,Accounting,EW,4.379468769691157,1.0204768671053515,0.1787602070967511,0.0033290314597110393,0.17886269692619358,0.44684337919666167,0.7132510398957802,0.9104265154557581,0.8547613638601078,-0.1415103239643276
ShareIss5Y,4.39,1642.0,2006,0.5394836426140427,3.1685128768364073,432,Accounting,EW,3.538870562367344,-0.09085323925472004,0.1035011533683371,0.4709858022281817,-0.15720174452279154,0.18716314646414225,0.5394836426140427,0.5057596759879016,0.877460876245249,-0.33797723363120635
ShareRepurchase,1.852179859,3055.0,1995,0.31412167378105316,0.916809088182948,132,Accounting,EW,3.9364610515522247,-1.1393126917529584,-2.38384514140013,0.9314300920937927,0.0017517537231004658,-1.2410781335647145,0.31412167378105316,-0.12026480712323005,0.28456864675864163,0.029553027022411527
ShareVol,8.86,2136.0,1998,0.7368070308454938,3.5615602491061042,360,Trading,EW,3.9252264466100044,1.755855153098261,0.338044279249521,0.6660460767261261,-0.002739751495340785,-0.8515577844659354,0.7368070308454938,0.04837777014627955,0.054294481130510656,0.6825125497149832
Size,3.07,11382.0,1981,0.4967133669589979,4.632014552071746,594,Price,EW,2.613540020593893,-0.6361899457213721,0.8651371831488678,1.9068456865105576,-0.527141495723082,-3.0588397626923505,0.4967133669589979,0.8396686026306494,0.04799398437550664,0.4487193825834913
SmileSlope,8.168,417.0,2011,1.821287213974395,2.4386382582131327,119,Options,EW,8.147127942572117,1.4699665160718038,-0.4216449868003298,-0.5454638821300184,1.6851427061775477,0.8363637282954408,1.821287213974395,1.0803391617620206,0.8514126948882719,0.9698745190861231
Spinoff,2.43,617.0,1993,0.39561856352738,3.0698717779464406,288,Event,VW,2.187019570340155,-0.9005956215839912,0.04006672121507381,-0.25491074148446613,-0.6976609610660239,-1.500758366297234,0.39561856352738,0.23851837342503399,-0.029383692975903358,0.4250022565032834
SurpriseRD,3.540083799,1408.0,2004,0.29276399961763716,1.761200724569676,336,Accounting,EW,3.047042100970402,-0.44198240730471167,-1.0743987162272433,0.3569659404903345,-0.35383083048562414,-0.07251708626837718,0.29276399961763716,0.0867634134416966,-0.026660059911188246,0.3194240595288254
Tax,3.851,871.0,2004,0.43583769307098497,2.3136686647123414,336,Accounting,EW,3.4529736252637337,-0.31353239439526953,-0.5271572938336102,0.0007790533452015974,-0.1915426531024161,-0.07251708626837718,0.43583769307098497,0.5987979624120704,0.36591001211666246,0.0699276809543225
TotalAccruals,6.38,394.0,2005,0.28281164574399126,2.344311649686677,480,Accounting,EW,2.6430328564864145,0.7312831591306117,-0.5007670871675258,-0.5875398056876563,-0.5153504957725565,0.05732303009788254,0.28281164574399126,0.8004030267336498,0.016780883367633493,0.26603076237635775
TrendFactor,15.0,208.0,2016,1.7301283276672101,4.136859052359429,1020,Price,EW,13.356961636861092,4.292497105905265,0.6383789131391926,-1.061294837623624,3.767992556746968,1.4855643101267393,1.7301283276672101,-0.05103575490619672,0.18124611974099025,1.54888220792622
VarCF,2.5,1647.0,1996,-0.5513246467884283,3.9576236630836577,180,Accounting,EW,-1.8689994191050916,-0.8716762507865172,0.5495388692448554,0.47324064709174707,-2.3192249191120466,-1.1112380171984548,-0.5513246467884283,-0.09429034984738002,-0.05827498524390223,-0.49304966154452606
VolMkt,4.0,1647.0,1996,0.4377597985046694,3.7692815335217693,180,Trading,EW,1.558165382820532,-0.25197544798350346,0.45174063106073714,0.47324064709174707,-0.9490718366072173,-1.1112380171984548,0.4377597985046694,0.5650914201712707,0.36842281556398637,0.06933698294068302
VolSD,3.56,1349.0,2001,0.38413742640598925,2.5877145522145066,360,Trading,EW,2.816576196749399,-0.43375435013905417,-0.30263425757502893,0.32521973979958824,-0.44596925607380894,-0.4620374353671563,0.38413742640598925,-0.059347209207332594,0.008500878461105688,0.37563654794488355
VolumeTrend,3.0,1647.0,1996,0.5347039783151969,2.5012239690938025,180,Trading,EW,2.8681184687004277,-0.665109316518846,-0.37081889713399596,0.47324064709174707,-0.42536306790529,-1.1112380171984548,0.5347039783151969,0.951852393205109,0.6850827826747462,-0.1503788043595493
XFIN,5.7,798.0,2006,1.0960154696302178,4.258599549394306,342,Accounting,EW,4.759517557423358,0.45035212852657885,0.6965522793991736,-0.06413726804516962,0.3308031632034261,0.18716314646414225,1.0960154696302178,1.256341319228846,1.2343492268428462,-0.13833375721262842
betaVIX,3.9,6323.0,2006,1.089992422494382,4.0539760162813465,179,Price,VW,3.597235073912498,-0.29328883483703777,0.5977855157280502,1.470893476621134,-0.13386807951854388,0.18716314646414225,1.089992422494382,0.4130760994992198,0.2027858453440379,0.8872065771503441
cfp,2.77,649.0,2004,0.3638634765582628,2.874220432251113,300,Accounting,EW,2.192699005775131,-0.7601301062819747,-0.09201944101414354,-0.21741180159658668,-0.6953903681946956,-0.07251708626837718,0.3638634765582628,-0.24917837444042862,0.9325587488734678,-0.568695272315205
dCPVolSpread,6.77,473.0,2014,1.3433018844157898,2.5052956276354577,190,Options,EW,7.390799895754326,0.8924053678593952,-0.3675564864414314,-0.4520132280023837,1.382768801032982,1.22588407739422,1.3433018844157898,0.2079887571695559,0.6838453024111171,0.6594565820046727
dNoa,8.85,1136.0,2004,1.0528583264111206,2.44724413914232,468,Accounting,EW,9.307125401076462,1.7517238144129077,-0.4145792756506616,0.197772512401379,2.1489004141741033,-0.07251708626837718,1.0528583264111206,1.2448895125505228,0.2008261778755007,0.8520321485356199
dVolCall,3.45,473.0,2014,0.875190177324769,4.180028409529404,190,Options,EW,2.886024421291733,-0.4791990756779418,0.6592008806060123,-0.4520132280023837,-0.41820441124414043,1.22588407739422,0.875190177324769,-0.1831114016830151,0.5942878829652455,0.2809022943595235
dVolPut,2.03,473.0,2014,0.3846302012647519,4.036242261342512,190,Options,EW,1.3135389559089976,-1.0658491689981284,0.5889923701037515,-0.4520132280023837,-1.0468715259325325,1.22588407739422,0.3846302012647519,0.32828369620853204,0.22742561229081426,0.15720458897393763
fgr5yrLag,4.9,1468.0,1996,0.8460562425196883,3.9763642579424965,96,Analyst,EW,2.084724591043362,0.11984503369830493,0.5590142299455899,0.38791415434322435,-0.7385576757876262,-1.1112380171984548,0.8460562425196883,-0.09491217061240981,-0.0005117376416024051,0.8465679801612906
grcapx,5.05,587.0,2006,0.5241457086548569,1.717784191680031,288,Accounting,EW,5.178210208916123,0.18181511397860609,-1.1244630276505343,-0.2918760956545933,0.49819313719668196,0.18716314646414225,0.5241457086548569,0.48012567031486353,0.18856432925549266,0.3355813793993642
grcapx3y,4.71,587.0,2006,0.5934627243991407,2.1445917972194666,288,Accounting,EW,4.696183402527095,0.04134959867658969,-0.6793627431881425,-0.2918760956545933,0.30548267452713146,0.18716314646414225,0.5934627243991407,0.48232566247635833,0.05482959416750662,0.5386331302316341
hire,5.78,489.0,2014,0.5078709811520896,2.115645166293747,546,Other,EW,5.609277037756169,0.4834028380094063,-0.7066194923635049,-0.4273417502887289,0.6705302083433381,1.22588407739422,0.5078709811520896,0.3534364550077969,0.1918695480781045,0.3160014330739851
iomom_cust,4.11,727.0,2010,0.4222731394386097,3.9293329740693155,239,Other,EW,1.6613975848236306,-0.20653072244461568,0.5351495899956892,-0.13324279653726195,-0.9078004277421303,0.7065236119291811,0.4222731394386097,0.6064353614620791,0.049067233523726404,0.37320590591488334
iomom_supp,5.03,727.0,2010,0.6632542741681782,3.2807000739485206,239,Other,EW,3.1254494519134353,0.1735524366078994,0.17328959471113622,-0.13324279653726195,-0.3224841985625625,0.7065236119291811,0.6632542741681782,0.08141849125599054,0.05348360290443925,0.609770671263739
realestate,1.8,249.0,2010,0.3014658581869073,3.200294961605442,420,Accounting,VW,1.9305131830156894,-1.1608699587612572,0.12351962642782482,-0.927866788260063,-0.8002101635663889,0.7065236119291811,0.3014658581869073,-0.036166586264125875,0.1350008617522643,0.166464996434643
retConglomerate,5.51,666.0,2012,1.3655144661247602,4.0858558804269505,396,Price,EW,6.650600406588574,0.3718566935048636,0.6134966070574954,-0.1982358216805009,1.0868429642657762,0.9662038446617005,1.3655144661247602,-0.07113491461149384,0.302587953882855,1.0629265122419054
roaq,6.45,338.0,2010,1.587183304321806,5.407050723929997,360,Accounting,EW,5.569521606634062,0.7602025299280858,1.1754479592968643,-0.7012335487542933,0.6546363048848122,0.7065236119291811,1.587183304321806,0.50527950642172,1.2912829355289293,0.29590036879287673
sfe,4.99,293.0,2001,0.8319624710710086,4.417669129835589,204,Analyst,EW,2.6898349639907866,0.1570270818664857,0.7701062152659466,-0.8071909360459901,-0.4966393874451113,-0.4620374353671563,0.8319624710710086,-1.4336751525932518,0.7396532905432246,0.09230918052778403
sinAlgo,2.0,3655.0,2009,0.2626242438427024,5.0973694974563974,972,Other,EW,1.6062821440576898,-1.0782431850541885,1.0571514948557386,1.0644144194619625,-0.9298351402300258,0.5766834955629214,0.2626242438427024,-0.23933082988057253,-0.07649074343294102,0.3391149872756434
skew1,2.19,945.0,2010,0.638163920782595,2.2274987126203403,119,Options,EW,3.1252752041213236,-0.9997477500324735,-0.6032851467218658,0.06125276551154599,-0.3225538614364772,0.7065236119291811,0.638163920782595,0.47152119285404387,0.1812876519618288,0.45687626882076615
std_turn,3.74,1349.0,2001,0.7705752904651217,4.443188320024517,360,Trading,EW,3.290573594011656,-0.35939025380269246,0.7816592331620047,0.32521973979958824,-0.2564688869660142,-0.4620374353671563,0.7705752904651217,0.9960482398504671,-0.03432255736567836,0.8048978478308001
tang,3.37,243.0,2009,0.7077912611796457,3.596639930495199,348,Accounting,EW,3.671113879101808,-0.5122497851607692,0.35770314171058526,-0.9459559266092372,-0.10433192397532885,0.5766834955629214,0.7077912611796457,0.23508527466953896,-0.10251582666558486,0.8103070878452306
zerotrade12M,4.4,1521.0,2006,0.6302654433261234,4.223823325147592,528,Trading,EW,3.4287412558937613,-0.08672190056936634,0.6801059854624563,0.41421717817281845,-0.20123056060251884,0.18716314646414225,0.6302654433261234,-0.03671106527658233,0.1817430471422041,0.4485223961839193
zerotrade1M,3.46,1521.0,2006,0.6309574388216717,3.863131699564273,528,Trading,EW,3.7529909063354983,-0.4750677369925885,0.5010691601589835,0.41421717817281845,-0.07159814321651042,0.18716314646414225,0.6309574388216717,0.17952121735984977,0.2554212445252668,0.37553619429640483
zerotrade6M,4.06,1521.0,2006,0.6254915067905752,4.229195704593992,528,Trading,EW,3.3984477395858654,-0.2271874158713831,0.682655502962204,0.41421717817281845,-0.21334166618047426,0.18716314646414225,0.6254915067905752,-0.03585807504722535,0.2629122314043557,0.3625792753862195
