seed,family,method,regret,recovery_days,annual_return,annual_volatility,annual_es_5,annual_turnover,genome_diversity,evaluated_candidates
0,development,static,0.2681504370969753,1.0,0.08460837788938418,0.08226277985500172,2.7522658575658547,21.363867505965985,0.9465206685721015,0
0,development,random,0.3189574068508185,1.0,0.03380140813554093,0.10172382177290347,3.5923164087537973,36.95535667939852,0.6654883002691229,576
0,development,evolution,0.16118012056503458,1.0,0.19157869442132489,0.12608780318980323,4.108300758812348,16.48559679801085,0.256319728162917,576
1,development,static,0.2522432881043463,1.0,0.01560807357931461,0.07207174862202417,2.3125623640885586,25.648744324372792,0.810951072767644,0
1,development,random,0.3042999929938038,1.0,-0.03644863131014288,0.062148691826927366,1.891840890507613,45.767792265394256,0.8108853104866824,576
1,development,evolution,0.24594599053802643,1.0,0.02190537114563449,0.07222330318495628,2.231499960053235,38.78119634574451,0.24986344806122365,576
2,development,static,0.32962001392130413,4.0,-0.00041886176843033973,0.0686471543132484,2.19567251797677,36.57935097860325,0.864376403605192,0
2,development,random,0.3397840635505172,4.0,-0.010582911397643377,0.06369344444869085,2.0678185405870635,26.786364277472494,0.9303281716318216,576
2,development,evolution,0.35122444292647287,4.0,-0.022023290773599068,0.0639303906765161,2.1050347790301918,22.962002722105314,0.3458674259320157,576
3,development,static,0.33456219904608353,4.0,0.025522211175347226,0.06605706213747456,2.157008732201931,23.096647541878546,0.9949266624513519,0
3,development,random,0.2975369004462157,4.0,0.062547509775215,0.06555177123948892,2.039564546423371,20.47516505195221,0.840270197872353,576
3,development,evolution,0.2873046247710585,4.0,0.07277978545037223,0.09514589974614504,3.0075991415854486,29.435435829305064,0.3387007694843119,576
4,development,static,0.2411687398979464,16.0,0.0838560841907219,0.07654735519514586,2.253940564529603,27.87434942846203,0.8290332474750043,0
4,development,random,0.2944107403715641,18.0,0.030614083717104175,0.08824714240982139,2.5347060239815487,24.09494057941263,0.81785988265604,576
4,development,evolution,0.3414197050723056,39.0,-0.016394880983637325,0.09847257391428937,3.400974186531177,65.94276993591089,0.18421929060360093,576
5,development,static,0.27079637799331013,5.0,0.11865896275667873,0.07646375827864356,2.439330196029916,17.26563509291186,0.8805514258015307,0
5,development,random,0.27579242782325236,6.0,0.11366291292673647,0.07716878960041444,2.3741667017602888,16.21056292738028,0.8930617640530016,576
5,development,evolution,0.30998731314233496,37.0,0.07946802760765384,0.09468446581534812,3.2501341308724414,76.98699394631,0.08830103068976779,576
6,development,static,0.25284913728697644,1.0,0.15945025141485436,0.08224312275158939,2.3782692119643762,20.426604705738196,0.931251875325347,0
6,development,random,0.2765889168211992,1.0,0.13571047188063162,0.0882252871136975,2.6084974701217387,33.33711275618753,0.6937680762558917,576
6,development,evolution,0.17461427328753418,1.0,0.23768511541429663,0.09071930711371738,2.502797951198438,9.635604616545338,0.12748078213853548,576
7,development,static,0.2932808077408475,1.0,-0.06164192467881298,0.05742731159362495,2.119452112853339,20.498837534955907,0.9590306454994184,0
7,development,random,0.298179176692275,1.0,-0.06654029363024044,0.06181005409741944,2.0998973118131232,12.446770609421066,0.7717911757047474,576
7,development,evolution,0.3060306423689101,1.0,-0.07439175930687555,0.08481960198109954,2.920356672804897,19.95665081310243,0.19083853839490453,576
8,development,static,0.33864048359247223,252.0,-0.18152221301092467,0.06351054263327058,2.590193745629733,33.82668526836915,0.8634578488992973,0
8,development,random,0.2660713555626969,252.0,-0.10895308498114933,0.03889523990742663,1.5956658996265778,19.589838810502837,0.8199184989780293,576
8,development,evolution,0.2340365939432167,5.0,-0.07691832336166915,0.04829497145415647,1.8924073241476385,42.4931134671396,0.23470330363187178,576
9,development,static,0.2612481725458194,69.0,0.03195523691436515,0.07750761542733997,2.474318234744747,21.12070948701278,0.6862110833300161,0
9,development,random,0.2615771234684866,66.0,0.0316262859916979,0.07297784466321298,2.440162948280677,27.77308980567677,0.8461977272416885,576
9,development,evolution,0.26027453532095424,66.0,0.03292887413923032,0.057681176529951805,1.849377872325656,14.194911909342581,0.22427730491179945,576
10000,confirmation,static,0.30728406155394367,1.0,-0.0841584690310086,0.09030972784242973,3.2276586098303977,26.932096513265016,0.8942572295022435,0
10000,confirmation,random,0.3046425521090662,1.0,-0.08151695958613114,0.08811020392474705,3.1455546572838524,26.01134459952122,0.8510298424335246,576
10000,confirmation,evolution,0.26080400230881795,1.0,-0.03767840978588288,0.04697189307419842,1.7222743790742112,12.556618612655248,0.14699982100382875,576
10001,confirmation,static,0.296782386288819,155.0,-0.04511152747333076,0.08646984901411756,3.064900179721336,19.529624023587886,0.7800281416328954,0
10001,confirmation,random,0.3504924984338762,165.0,-0.098821639618388,0.0902827619113992,3.196599116745314,21.23705716469885,0.7756992022174141,576
10001,confirmation,evolution,0.30801231268366835,160.0,-0.056341453868180125,0.10489257939506708,3.99044120868098,33.21816840739484,0.20316280682003965,576
10002,confirmation,static,0.2159678124622916,1.0,0.09597401845212991,0.11041038158905855,3.4457097373131886,19.82240254634992,0.9382743614080168,0
10002,confirmation,random,0.23340439806878083,1.0,0.0785374328456407,0.09849359739399148,3.144123523035898,21.499066740358572,0.859699065839113,576
10002,confirmation,evolution,0.23046402067932456,1.0,0.08147781023509695,0.0680665200885386,2.047998471012571,3.8064878994533347,0.14971606100957172,576
10003,confirmation,static,0.32911614620961605,2.0,0.02159514793097303,0.09344562767893216,2.9167659931174454,24.601093773366056,0.8200535101061635,0
10003,confirmation,random,0.30090459902602157,2.0,0.049806695114567534,0.0909590795236771,2.8253236913578332,19.190231153651727,0.8449201596188475,576
10003,confirmation,evolution,0.2933924005237014,2.0,0.057318893616887696,0.11631781249601478,3.7392902885135046,22.148463517737277,0.15249555762494335,576
10004,confirmation,static,0.3326494395987135,2.0,0.07607284569736758,0.09390575446888011,3.001311130694511,23.94708337951114,0.8268417309072598,0
10004,confirmation,random,0.29761964337904,2.0,0.11110264191704106,0.12616290777954614,4.041769612493836,20.30319056821545,0.7178426239233957,576
10004,confirmation,evolution,0.2792251482429673,2.0,0.12949713705311378,0.14872322206584937,4.766902970027951,23.225253558550673,0.16099843953637683,576
10005,confirmation,static,0.3050679831636953,6.0,0.06464610213674062,0.08558609054164756,3.2329732684875974,22.719403148801195,0.8563655192776745,0
10005,confirmation,random,0.3389522125408728,5.0,0.030761872759563116,0.08731327083614912,3.3173859416030167,22.160734709906368,0.8074046016570575,576
10005,confirmation,evolution,0.3492386030463602,7.0,0.020475482254075774,0.05017591254787312,1.8339966469725824,13.616184179652521,0.18370558971834652,576
10006,confirmation,static,0.4070904808274089,2.0,-0.1365767261654262,0.07358280245450684,2.699949426229099,29.261796485354825,0.8707554008334246,0
10006,confirmation,random,0.3986305152581745,1.0,-0.12811676059619181,0.07390927036534477,2.6466479051919083,31.143060079240392,0.8768744856765858,576
10006,confirmation,evolution,0.397348668509981,7.0,-0.12683491384799833,0.10541399788344892,3.9926234655605324,34.350918828827304,0.21832758393618446,576
10007,confirmation,static,0.33311541645098414,1.0,0.11576828458337796,0.08045559607782074,2.392370548932403,19.9865955993124,0.745511143208903,0
10007,confirmation,random,0.3466830389453731,1.0,0.10220066208898901,0.06576420003985822,1.9535695881151998,20.62754444337604,0.7819650602361568,576
10007,confirmation,evolution,0.33456693554142125,1.0,0.11431676549294081,0.06693590095766999,2.049076865786814,13.391642506894694,0.28317529145012854,576
10008,confirmation,static,0.3098426070592621,2.0,0.011276358695525804,0.08378545582107604,2.890916116109759,27.435043233876947,0.9148970272178213,0
10008,confirmation,random,0.3156429559035027,2.0,0.0054760098512851435,0.06684204439763701,2.434839196261748,18.983769846601923,0.730370906680538,576
10008,confirmation,evolution,0.3165784718966349,3.0,0.004540493858152986,0.09511442875820664,3.3034955274430033,25.53976091753851,0.2202743262972439,576
10009,confirmation,static,0.31268126368617827,1.0,0.054176191892280234,0.07742447944501818,2.915063551704524,22.859392292468424,0.869911156898474,0
10009,confirmation,random,0.32237394648689943,1.0,0.04448350909155909,0.05704674660475063,2.0596692352040185,16.23623849738072,0.7770155685902598,576
10009,confirmation,evolution,0.3134209734038794,1.0,0.05343648217457908,0.09128415609168974,3.2864058449180154,22.58417735344127,0.32135236583290727,576
10010,confirmation,static,0.286612562623793,2.0,0.0421379287277603,0.0694074725968084,2.440796110358288,28.727861330947455,0.9874169943938129,0
10010,confirmation,random,0.30416834560844475,5.0,0.02458214574310853,0.059636103666416744,2.1210694787308015,17.428876327557354,0.8003852440001341,576
10010,confirmation,evolution,0.30644736469712586,1.0,0.022303126654427394,0.0749603653340909,2.880995884005483,14.468405426633192,0.26766541266505073,576
10011,confirmation,static,0.3777573082449285,3.0,-0.14401332601797168,0.0970840705650421,3.4003285388861353,43.53557938819818,0.8904508297943889,0
10011,confirmation,random,0.29857928773475984,3.0,-0.06483530550780306,0.05756019739508606,1.9727295734556596,18.048746159574,0.7862359462464541,576
10011,confirmation,evolution,0.24335597427234074,28.0,-0.009611992045383946,0.055769236661923474,1.7997955635545246,10.831212137723975,0.1553170569140306,576
10012,confirmation,static,0.3001493175571098,1.0,-0.03045525707788408,0.07519743375471595,2.847542002973191,20.57673152011874,0.7525406337619881,0
10012,confirmation,random,0.29479988521134914,1.0,-0.025105824732123454,0.0846961405395574,3.2774284999795067,23.437624033177514,0.7885773149232914,576
10012,confirmation,evolution,0.25688595558777305,21.0,0.012808104891452628,0.05311539968865353,2.016373098711742,9.49719819621006,0.20307313926284418,576
10013,confirmation,static,0.3712007253686206,1.0,-0.06811313766718011,0.08361205491835881,3.1368470186125887,25.933362431311057,0.7082272096560226,0
10013,confirmation,random,0.3459122423942915,1.0,-0.042824654692851044,0.05416423622482544,1.9075814037260503,17.407778612061936,0.7988364055041701,576
10013,confirmation,evolution,0.3451867783009841,1.0,-0.04209919059954362,0.08032962435884498,3.201531436587156,32.634422270132916,0.3616804188265644,576
10014,confirmation,static,0.30282908734576586,5.0,-0.0008171917947532598,0.07927205866101174,2.6672999630088845,26.26808213723543,0.8735655049935581,0
10014,confirmation,random,0.29620996659877213,12.0,0.005801928952240458,0.061835594383119065,2.121293274379222,20.496571092924672,0.9411298542667565,576
10014,confirmation,evolution,0.2982298228253097,13.0,0.0037820727257029327,0.06061755460728932,2.0282951423087856,20.835630071228717,0.24363453210186659,576
10015,confirmation,static,0.23098174296913118,1.0,-0.09508628448114062,0.04322038514123085,2.107829757071998,14.579875776902947,0.9138939296453434,0
10015,confirmation,random,0.19673836351079776,1.0,-0.06084290502280719,0.03125805742272852,1.4691379911292282,10.709807921896354,0.8089817724289232,576
10015,confirmation,evolution,0.17875706768270141,1.0,-0.04286160919471085,0.03085730471403448,1.5439950007722447,3.9001486862345103,0.1433437363649594,576
10016,confirmation,static,0.31336192117617134,1.0,-0.11659022220155539,0.06246321358185383,2.4876506160640894,26.020574486374226,0.9005624490943381,0
10016,confirmation,random,0.30328627823107335,1.0,-0.10651457925645741,0.056142525780582236,2.2329650149186593,20.041262425657337,0.9989796244500018,576
10016,confirmation,evolution,0.2401784203831974,1.0,-0.043406721408581456,0.046186732345720995,1.831282477314141,20.889264743747034,0.31513799261953707,576
10017,confirmation,static,0.2762725536404773,1.0,-0.041106890532340505,0.07710670298821944,2.944185680782347,26.088627982259624,0.8303918483975556,0
10017,confirmation,random,0.23810228576291587,191.0,-0.002936622654779071,0.0680933108674512,2.657476759716544,14.283578487698351,0.7698452004846267,576
10017,confirmation,evolution,0.22026898892644256,1.0,0.01489667418169424,0.051120789734798396,1.8072050722801551,23.391453071023818,0.1439063059700839,576
10018,confirmation,static,0.2218955708847749,69.0,0.15547979352665903,0.08277415793496273,2.615617470197117,19.495017661842596,0.9273475054405583,0
10018,confirmation,random,0.23613414774359018,40.0,0.14124121666784376,0.07289945503527206,2.29643163296524,16.548228832794866,0.8956633301780133,576
10018,confirmation,evolution,0.14140995135498982,52.0,0.2359654130564441,0.10432494619528229,3.199423099446851,22.26683657925839,0.18363613940609752,576
10019,confirmation,static,0.27952687681804084,41.0,0.016504565422928837,0.08946581843415083,3.217689930072762,23.239174836712618,0.9909350989911299,0
10019,confirmation,random,0.2797559346313215,32.0,0.016275507609648195,0.11153870330380589,3.8293818821016417,31.269734115770213,0.5347296493549535,576
10019,confirmation,evolution,0.2802274767042538,43.0,0.015803965536715862,0.06411146902671214,2.3680000087012387,15.329567166066896,0.15262770256824032,576
10020,confirmation,static,0.34814733623689076,1.0,-0.029654065709929768,0.07415252569029283,2.916511460756017,20.353595304587632,0.8330376596378133,0
10020,confirmation,random,0.40909050139088915,1.0,-0.09059723086392817,0.08575349063789423,3.3939486249600668,23.235876436087256,0.8051665949671695,576
10020,confirmation,evolution,0.37638927080456497,1.0,-0.05789600027760401,0.07198303438486942,2.912739928585122,18.69313425073358,0.1432867486763209,576
10021,confirmation,static,0.3227951198593636,252.0,-0.102072701802883,0.0749372992084882,2.843828862514805,27.038992959214966,0.7728580012938414,0
10021,confirmation,random,0.3139968872217486,252.0,-0.093274469165268,0.06102002145373582,2.4574719442975685,20.565946891159626,0.9166038708373255,576
10021,confirmation,evolution,0.24498144688513532,82.0,-0.024259028828654713,0.0664057240435884,2.4879284991823436,41.14697000504031,0.10553851107428655,576
10022,confirmation,static,0.30988696016910783,7.0,-0.02867315395335697,0.08260575613501428,2.8202173650584057,23.656039018022145,0.895356400700003,0
10022,confirmation,random,0.2834052965599323,5.0,-0.0021914903441814446,0.06467428085390886,2.073647889829358,14.533671047577252,0.7024723630198562,576
10022,confirmation,evolution,0.30464134181448477,15.0,-0.023427535598733923,0.05039947342457807,1.6869117272937593,26.63543848125637,0.2726341673722944,576
10023,confirmation,static,0.3596729007329866,27.0,0.0560861675321376,0.0822263369446715,2.879144451078263,17.13358590897752,0.8301906517933283,0
10023,confirmation,random,0.3513170977077007,27.0,0.06444197055742348,0.09971283528350043,3.458556121152223,14.519670826734082,0.7397078197024962,576
10023,confirmation,evolution,0.38537431680330175,27.0,0.03038475146182242,0.052067191293226976,1.7458784744624298,10.560362799477353,0.30751637192876774,576
10024,confirmation,static,0.28574613697049933,2.0,-0.04190801610903084,0.05637265603483788,2.1011460759203,18.18092202240527,0.8083068378672564,0
10024,confirmation,random,0.29642513254769387,2.0,-0.052587011686225364,0.05240957844596931,1.9630651653504816,16.914665006310646,0.8384094940518926,576
10024,confirmation,evolution,0.30739427358594706,2.0,-0.06355615272447857,0.05183462054927446,2.030114648880175,14.74879057970721,0.2364658602092375,576
10025,confirmation,static,0.3452276298516606,1.0,0.04787417485133734,0.09163351256079552,3.27192960085909,19.623924544437138,0.8162173244764228,0
10025,confirmation,random,0.36714463568436206,1.0,0.025957169018635845,0.08247226646246306,2.9516106048268216,19.365235253304952,0.8825018657035013,576
10025,confirmation,evolution,0.3509096250422693,1.0,0.04219217966072862,0.05961084217643277,2.075671822688275,18.940756603461626,0.1377221247034487,576
10026,confirmation,static,0.3178196230020877,1.0,0.1318965544161263,0.09285153995454633,2.9720901065847265,21.79800717096083,0.8043120679047011,0
10026,confirmation,random,0.3515872731232575,1.0,0.0981289042949565,0.061903881546860384,1.891444370339897,16.826949547321544,0.8935358976583639,576
10026,confirmation,evolution,0.34605624708116645,1.0,0.10365993033704755,0.07838277607425219,2.4596221941340604,18.186296664097913,0.15825776174545841,576
10027,confirmation,static,0.26026011890878564,1.0,-0.06029531984709597,0.046834631464815625,1.9468113673143752,16.036151857002018,0.920067631098397,0
10027,confirmation,random,0.2979464539888442,4.0,-0.09798165492715454,0.05907178614074825,2.3794059601342714,25.01818454180139,0.7065664419545981,576
10027,confirmation,evolution,0.2368896002943737,1.0,-0.03692480123268404,0.03804730100883268,1.681383445558635,6.339011714170961,0.2662229934437652,576
10028,confirmation,static,0.33477060288183164,1.0,-0.09194111798350856,0.06867058690109734,2.450335164148379,22.404405241406874,0.8857660809452202,0
10028,confirmation,random,0.35472663277364314,1.0,-0.11189714787532007,0.08354021308093684,2.9422090245878545,22.69694280032655,0.8688892453666259,576
10028,confirmation,evolution,0.33107120403659474,25.0,-0.08824171913827161,0.0643526934532112,2.2624656365919966,32.800942694522284,0.30064699441930826,576
10029,confirmation,static,0.35519376155094934,1.0,-0.009000381173594182,0.08739761913022208,3.2664745915330893,16.44201697622013,0.7721915185169752,0
10029,confirmation,random,0.3022049488819792,1.0,0.04398843149537598,0.0741260063484487,2.5955109057576227,33.03454455314628,0.7513474320188849,576
10029,confirmation,evolution,0.30360822407401344,1.0,0.04258515630334172,0.09304485496009063,3.5592283326200453,22.800372611516426,0.24227831341700187,576
