period,method,month,month_return,month_variance,certainty_equivalent
confirmation,all_gene,2015-01,-0.01676144903569976,0.00011286817884838087,-0.01693075130397233
confirmation,all_gene,2015-02,0.05093640747726136,4.154801517165929e-05,0.05087408545450387
confirmation,all_gene,2015-03,0.0024745678913606906,8.903180678337224e-05,0.002341020181185632
confirmation,all_gene,2015-04,-0.012013326949754877,6.080953781351943e-05,-0.012104541256475155
confirmation,all_gene,2015-05,0.04462878630116873,5.599455363963391e-05,0.04454479447070928
confirmation,all_gene,2015-06,0.0012593695869418386,7.276803353756832e-05,0.001150217536635486
confirmation,all_gene,2015-07,0.03488983272335311,9.559835216549315e-05,0.03474643519510487
confirmation,all_gene,2015-08,-0.08379848163503523,0.00032263538275671124,-0.0842824347091703
confirmation,all_gene,2015-09,-0.06971254615950939,0.00035903742486986085,-0.07025110229681418
confirmation,all_gene,2015-10,0.07512848529879212,0.00018336908389053166,0.07485343167295633
confirmation,all_gene,2015-11,0.005769747588926455,0.00010819889779254279,0.005607449242237641
confirmation,all_gene,2015-12,0.0029372637035691707,0.00017455756188025623,0.002675427360748786
confirmation,all_gene,2016-01,-0.09722449770935926,0.00026912021178821156,-0.09762817802704157
confirmation,all_gene,2016-02,-0.00782497808574989,0.00013930206705421123,-0.008033931186331207
confirmation,all_gene,2016-03,0.04525243370510701,7.805175385474958e-05,0.04513535607432489
confirmation,all_gene,2016-04,0.018767452353863012,4.643433149581449e-05,0.01869780085661929
confirmation,all_gene,2016-05,0.011566506705905644,5.915610961907429e-05,0.011477772541477032
confirmation,all_gene,2016-06,0.014808691087051074,8.37813851406411e-05,0.014683019009340112
confirmation,all_gene,2016-07,0.027529914532162802,2.084402266492155e-05,0.02749864849816542
confirmation,all_gene,2016-08,-0.00981567566702446,1.4653492272146144e-05,-0.00983765590543268
confirmation,all_gene,2016-09,-0.013886438009809043,8.966456574257619e-05,-0.014020934858422908
confirmation,all_gene,2016-10,-0.0263414634050686,2.411836285187931e-05,-0.026377640949346418
confirmation,all_gene,2016-11,0.014421541060364973,5.010493048697326e-05,0.014346383664634513
confirmation,all_gene,2016-12,0.013330146213369254,3.5352991125755946e-05,0.01327711672668062
confirmation,all_gene,2017-01,0.014441306294926681,1.6485157994044777e-05,0.014416578557935614
confirmation,all_gene,2017-02,0.030486004800287958,1.9677999364076005e-05,0.030456487801241845
confirmation,all_gene,2017-03,0.007814174020779774,1.5908528552107813e-05,0.007790311227951612
confirmation,all_gene,2017-04,0.01747741824187221,1.596693010644392e-05,0.017453467846712544
confirmation,all_gene,2017-05,0.019311668344451194,1.603113654384567e-05,0.019287621639635426
confirmation,all_gene,2017-06,-0.00868002336074225,2.4448019959602754e-05,-0.008716695390681655
confirmation,all_gene,2017-07,0.008810393064207389,1.9559480048286235e-05,0.00878105384413496
confirmation,all_gene,2017-08,-0.009791673777600374,2.2935675959699987e-05,-0.009826077291539923
confirmation,all_gene,2017-09,0.039391161227393834,8.177937777235313e-06,0.03937889432072798
confirmation,all_gene,2017-10,0.020210229707769756,8.240597510004567e-06,0.02019786881150475
confirmation,all_gene,2017-11,0.031681679305398225,1.838949934776744e-05,0.03165409505637658
confirmation,all_gene,2017-12,0.013615276362031192,1.5132216086675095e-05,0.01359257803790118
confirmation,all_gene,2018-01,0.04129406607362962,4.1820411619014924e-05,0.0412313354562011
confirmation,all_gene,2018-02,-0.045051731914837134,0.0002647686986521478,-0.04544888496281536
confirmation,all_gene,2018-03,-0.020475700779841177,0.0001432030475454577,-0.020690505351159363
confirmation,all_gene,2018-04,0.0044995706709944905,0.00013187273386262684,0.00430176157020055
confirmation,all_gene,2018-05,0.01927420472585828,4.0723150285275547e-05,0.019213120000430368
confirmation,all_gene,2018-06,0.010206174407232371,2.3061125588658256e-05,0.010171582718849385
confirmation,all_gene,2018-07,0.03878408965566349,3.123397486202832e-05,0.038737238693370445
confirmation,all_gene,2018-08,0.018247216571761093,2.3704903543030924e-05,0.018211659216446546
confirmation,all_gene,2018-09,0.00925026764375736,1.0631030446590365e-05,0.009234321098087474
confirmation,all_gene,2018-10,-0.06772222723838373,0.00016510976745868922,-0.06796989188957175
confirmation,all_gene,2018-11,0.025952421680536908,0.00013779646612134604,0.02574572698135489
confirmation,all_gene,2018-12,-0.09465272917914025,0.00035599975848663794,-0.09518672881687021
confirmation,all_gene,2019-01,0.06928452098638238,0.00012748957461206442,0.06909328662446429
confirmation,all_gene,2019-02,0.026481455718958324,2.8507566738011938e-05,0.026438694368851306
confirmation,all_gene,2019-03,0.008346353175198162,7.92351229339104e-05,0.008227500490797297
confirmation,all_gene,2019-04,-0.026762195971112845,9.235955380571346e-05,-0.026900735301821417
confirmation,all_gene,2019-05,-0.039591593291301796,7.764755062854525e-05,-0.03970806461724462
confirmation,all_gene,2019-06,0.06840446443958514,3.609481899620097e-05,0.06835032221109084
confirmation,all_gene,2019-07,-0.01527876665972605,3.806638301800663e-05,-0.015335866234253061
confirmation,all_gene,2019-08,-0.007227913654222706,0.00016651569507444524,-0.007477687196834374
confirmation,all_gene,2019-09,0.005371838495300318,2.5792818636380316e-05,0.005333149267345748
confirmation,all_gene,2019-10,0.014062465062440577,4.6762211786956344e-05,0.013992321744760143
confirmation,all_gene,2019-11,0.024104716352262745,1.3032118773526589e-05,0.024085168174102455
confirmation,all_gene,2019-12,0.02269493494259711,1.7877899872549585e-05,0.02266811809278829
confirmation,all_gene,2020-01,0.008891542466416658,2.5407188955233688e-05,0.008853431682983807
confirmation,all_gene,2020-02,-0.07344785980290802,0.00021579044285497957,-0.07377154546719049
confirmation,all_gene,2020-03,-0.09907219541363399,0.0024888578087613996,-0.1028054821267761
confirmation,all_gene,2020-04,0.15847300472070702,0.0004469060042484316,0.1578026457143344
confirmation,all_gene,2020-05,0.04333785799938106,0.00018068165239302675,0.04306683552079152
confirmation,all_gene,2020-06,0.0391809893398718,0.0002176507996999275,0.03885451314032191
confirmation,all_gene,2020-07,0.09227778558229671,0.00010637457543796848,0.09211822371913976
confirmation,all_gene,2020-08,0.10077791654866841,4.67740633349866e-05,0.10070775545366593
confirmation,all_gene,2020-09,-0.04070784065298649,0.0002943408875397909,-0.04114935198429618
confirmation,all_gene,2020-10,-0.027399326491089893,0.0001945387337655715,-0.02769113459173825
confirmation,all_gene,2020-11,0.11465343255298288,0.00010115165992973522,0.11450170506308828
confirmation,all_gene,2020-12,0.04019229279522829,3.4237049617299545e-05,0.04014093722080234
confirmation,all_gene,2021-01,0.006648114460817922,0.00011888995254059068,0.006469779532007036
confirmation,all_gene,2021-02,-0.020422458134933485,0.00011303220727649853,-0.020592006445848233
confirmation,all_gene,2021-03,0.05325286918870886,0.00016006751779366334,0.053012767912018366
confirmation,all_gene,2021-04,0.058258480511909516,5.00008400379688e-05,0.05818347925185256
confirmation,all_gene,2021-05,-0.016836707074002977,9.129941350877692e-05,-0.01697365619426614
confirmation,all_gene,2021-06,0.02421531769231433,2.477142104744135e-05,0.024178160560743168
confirmation,all_gene,2021-07,0.0005813068829934043,6.17415370938914e-05,0.0004886945773525671
confirmation,all_gene,2021-08,0.017134138078100936,3.8410264659432546e-05,0.017076522681111785
confirmation,all_gene,2021-09,-0.033919473688108326,6.746386342908597e-05,-0.034020669483251956
confirmation,all_gene,2021-10,0.08782086553572421,4.554256837412386e-05,0.08775255168316302
confirmation,all_gene,2021-11,0.0049414523241304575,9.630717791081424e-05,0.004796991557264236
confirmation,all_gene,2021-12,0.016480006818839543,0.0001290285128535893,0.01628646404955916
confirmation,all_gene,2022-01,-0.07398344900702325,0.00021581086083125896,-0.07430716529827014
confirmation,all_gene,2022-02,-0.02261622404718311,0.00024087642043680427,-0.022977538677838315
confirmation,all_gene,2022-03,0.043641334453979,0.0002589260934911922,0.04325294531374221
confirmation,all_gene,2022-04,-0.08467871631798063,0.00032878450096946035,-0.08517189306943482
confirmation,all_gene,2022-05,-0.042819835924452376,0.0005956825929908609,-0.04371335981393867
confirmation,all_gene,2022-06,-0.07421573539365678,0.00039114779587730937,-0.07480245708747274
confirmation,all_gene,2022-07,0.139801045651067,0.00021228417695878503,0.1394826193856288
confirmation,all_gene,2022-08,-0.03267607011166873,0.00017492907535982002,-0.03293846372470846
confirmation,all_gene,2022-09,-0.0763568493649518,0.0002944553502633088,-0.07679853239034676
confirmation,all_gene,2022-10,0.037731538471522885,0.0002961128745955837,0.03728736915962951
confirmation,all_gene,2022-11,0.02307134782746778,0.0003172850970887787,0.02259542018183461
confirmation,all_gene,2022-12,-0.09407866219304684,0.00010639214413260671,-0.09423825040924574
confirmation,all_gene,2023-01,0.09100202582421701,0.00014607722094701312,0.09078290999279649
confirmation,all_gene,2023-02,-0.019910937716197563,0.0001288025920369765,-0.02010414160425303
confirmation,all_gene,2023-03,0.016666067367119508,0.00012573139662228793,0.016477470272186077
confirmation,all_gene,2023-04,0.003934500994268619,6.500755363706238e-05,0.0038369896638130257
confirmation,all_gene,2023-05,-0.010679858812446708,6.701650916136174e-05,-0.01078038357618875
confirmation,all_gene,2023-06,0.08597996469941749,5.328433484326386e-05,0.0859000381971526
confirmation,all_gene,2023-07,0.026503038258127942,5.111475032049873e-05,0.026426366132647195
confirmation,all_gene,2023-08,-0.021739168016009836,6.33120509175252e-05,-0.021834136092386124
confirmation,all_gene,2023-09,-0.04232386395879195,5.663797315365064e-05,-0.042408820918522425
confirmation,all_gene,2023-10,-0.02881564371443146,9.228224899395762e-05,-0.028954067087922395
confirmation,all_gene,2023-11,0.08984898612437764,6.870425798931456e-05,0.08974592973739366
confirmation,all_gene,2023-12,0.058185203294838894,4.991021910096767e-05,0.05811033796618744
confirmation,all_gene,2024-01,-0.019219629495507373,4.7199184274089945e-05,-0.019290428271918507
confirmation,all_gene,2024-02,0.07187829220315334,7.044022718181054e-05,0.07177263186238063
confirmation,all_gene,2024-03,0.01815975276046311,3.7708035425274766e-05,0.018103190707325197
confirmation,all_gene,2024-04,-0.037082066325280105,7.006457337829367e-05,-0.037187163185347545
confirmation,all_gene,2024-05,0.022687776949283034,3.868345642702641e-05,0.022629751764642495
confirmation,all_gene,2024-06,0.011992696628365218,1.844522237956518e-05,0.01196502879479587
confirmation,all_gene,2024-07,0.05256174868777519,6.25653123997422e-05,0.05246790071917558
confirmation,all_gene,2024-08,0.028122697326499413,0.00013983731402381942,0.027912941355463683
confirmation,all_gene,2024-09,0.008525073327861232,5.751038696815462e-05,0.008438807747409
confirmation,all_gene,2024-10,0.01057913552748424,6.360330852354243e-05,0.010483730564698927
confirmation,all_gene,2024-11,0.1022285720407714,0.00018904875910570192,0.10194499890211285
confirmation,all_gene,2024-12,-0.07095639108255447,7.796076995093517e-05,-0.07107333223748087
confirmation,equal_weight,2015-01,-0.024681978119421966,0.0001155409305263158,-0.02485528951521144
confirmation,equal_weight,2015-02,0.05822386078261199,3.614022222222223e-05,0.05816965044927866
confirmation,equal_weight,2015-03,-0.009066686445018401,7.481348225108227e-05,-0.009178906668395026
confirmation,equal_weight,2015-04,0.003526182868512917,3.189269142857143e-05,0.00347834383137006
confirmation,equal_weight,2015-05,0.016158031830828756,4.264454315789475e-05,0.016094065016091914
confirmation,equal_weight,2015-06,-0.013770785276200015,5.138979740259741e-05,-0.013847869972303911
confirmation,equal_weight,2015-07,0.017198468698356395,5.71859922077922e-05,0.017112689710044707
confirmation,equal_weight,2015-08,-0.06121339729208208,0.00026871195619047617,-0.061616465226367795
confirmation,equal_weight,2015-09,-0.034386672476657054,0.0001997501047619048,-0.03468629763379991
confirmation,equal_weight,2015-10,0.07707362313147326,7.151596883116886e-05,0.0769663491782265
confirmation,equal_weight,2015-11,0.005799643010052646,6.078319578947368e-05,0.005708468216368436
confirmation,equal_weight,2015-12,-0.019102492826191586,0.00013122024329004328,-0.01929932319112665
confirmation,equal_weight,2016-01,-0.06103140698963916,0.00023193739883040938,-0.061379313087884774
confirmation,equal_weight,2016-02,8.446252512772645e-05,0.00014265429052631582,-0.00012951891066174728
confirmation,equal_weight,2016-03,0.06606566962551552,5.86136761904762e-05,0.0659777491112298
confirmation,equal_weight,2016-04,0.014993092640010364,4.534446476190476e-05,0.014925075942867506
confirmation,equal_weight,2016-05,0.01707273576844237,5.252298285714286e-05,0.016993951294156658
confirmation,equal_weight,2016-06,0.0010025944190228397,0.00014522003549783551,0.0007847643657760865
confirmation,equal_weight,2016-07,0.04010569625687688,2.3145746315789475e-05,0.04007097763740319
confirmation,equal_weight,2016-08,0.0003555391280014586,1.4960338339920948e-05,0.00033309862049157716
confirmation,equal_weight,2016-09,0.0024754291484498925,8.827704000000001e-05,0.0023430135884498927
confirmation,equal_weight,2016-10,-0.02665151215974415,1.951478476190477e-05,-0.026680784336887007
confirmation,equal_weight,2016-11,0.045138745060407715,5.481794476190477e-05,0.045056518143264855
confirmation,equal_weight,2016-12,0.0166498368895045,2.4072756190476192e-05,0.016613727755218785
confirmation,equal_weight,2017-01,0.018839952123369974,1.9677864210526317e-05,0.018810435327054186
confirmation,equal_weight,2017-02,0.03947738338203344,1.1407815204678365e-05,0.03946027165922642
confirmation,equal_weight,2017-03,0.001846090438701431,2.8701288537549426e-05,0.001803038505895107
confirmation,equal_weight,2017-04,0.010969601860596256,2.30675485380117e-05,0.010935000537789239
confirmation,equal_weight,2017-05,0.00937537154987833,2.3288035497835494e-05,0.009340439496631577
confirmation,equal_weight,2017-06,0.013457624354026754,2.364455151515152e-05,0.013422157526754026
confirmation,equal_weight,2017-07,0.01671899701998414,1.3921456842105259e-05,0.01669811483472098
confirmation,equal_weight,2017-08,0.0033889203724748462,3.5919416600790526e-05,0.0033350412475736603
confirmation,equal_weight,2017-09,0.02645947355079903,1.133075368421053e-05,0.02644247742027271
confirmation,equal_weight,2017-10,0.016743279451108428,1.0392876190476193e-05,0.016727690136822713
confirmation,equal_weight,2017-11,0.0336377440448592,1.7020956190476193e-05,0.03361221261057348
confirmation,equal_weight,2017-12,0.010920469795484777,1.431277894736842e-05,0.010899000627063725
confirmation,equal_weight,2018-01,0.05608631862651037,3.3936316190476195e-05,0.056035414152224655
confirmation,equal_weight,2018-02,-0.038378332635761736,0.0002735551134502924,-0.03878866530593717
confirmation,equal_weight,2018-03,-0.020604388194585765,0.00014874348000000002,-0.020827503414585766
confirmation,equal_weight,2018-04,0.005012453633293612,0.00011942591619047624,0.004833314759007897
confirmation,equal_weight,2018-05,0.024720785293120162,3.877858008658009e-05,0.024662617422990293
confirmation,equal_weight,2018-06,0.008677095217082265,2.9783365714285718e-05,0.008632420168510836
confirmation,equal_weight,2018-07,0.03661252327183395,2.9134139047619047e-05,0.03656882206326252
confirmation,equal_weight,2018-08,0.03437370579645571,1.9920581818181824e-05,0.034343824923728436
confirmation,equal_weight,2018-09,0.0052802634071269505,1.2557478362573101e-05,0.0052614271895830905
confirmation,equal_weight,2018-10,-0.0753653259378183,0.0001919305754940712,-0.0756532218010594
confirmation,equal_weight,2018-11,0.025990811930898916,0.0001427833047619048,0.02577663697375606
confirmation,equal_weight,2018-12,-0.09223940197961433,0.0003547454245614036,-0.09277152011645644
confirmation,equal_weight,2019-01,0.08197953307784722,0.00013461465142857143,0.08177761110070436
confirmation,equal_weight,2019-02,0.034029792759941335,2.752122573099416e-05,0.03398851092134485
confirmation,equal_weight,2019-03,0.011966490965940713,6.190570476190477e-05,0.011873632408797855
confirmation,equal_weight,2019-04,0.03138575680256528,1.9441076190476195e-05,0.03135659518827957
confirmation,equal_weight,2019-05,-0.06400480207621073,8.198755411255413e-05,-0.06412778340737957
confirmation,equal_weight,2019-06,0.07046201370362937,4.383416736842106e-05,0.07039626245257674
confirmation,equal_weight,2019-07,0.00753191490094185,2.6177005194805198e-05,0.007492649393149642
confirmation,equal_weight,2019-08,-0.02056194748128337,0.00020107243982683985,-0.020863556141023632
confirmation,equal_weight,2019-09,0.014744489051796705,3.140982210526316e-05,0.01469737431863881
confirmation,equal_weight,2019-10,0.022041668822278204,6.593607272727274e-05,0.021942764713187294
confirmation,equal_weight,2019-11,0.038365908747578725,1.4401072631578948e-05,0.03834430713863136
confirmation,equal_weight,2019-12,0.029121804840336107,2.1473956190476193e-05,0.029089593906050395
confirmation,equal_weight,2020-01,-0.005696804731300076,4.5042424761904774e-05,-0.005764368368442933
confirmation,equal_weight,2020-02,-0.07956588382961316,0.00022399440233918132,-0.07990187543312194
confirmation,equal_weight,2020-03,-0.12759685828713296,0.003280639235497836,-0.13251781714037972
confirmation,equal_weight,2020-04,0.1365546182415136,0.0006607738057142858,0.1355634575329422
confirmation,equal_weight,2020-05,0.05064455446481153,0.0002268061673684211,0.0503043452137589
confirmation,equal_weight,2020-06,0.016196481120064554,0.00034615453246753257,0.015677249321363256
confirmation,equal_weight,2020-07,0.05552560657731864,7.010565887445889e-05,0.05542044808900695
confirmation,equal_weight,2020-08,0.06468149883592056,2.113049904761905e-05,0.06464980308734913
confirmation,equal_weight,2020-09,-0.031213284423541432,0.00021733771619047618,-0.031539290997827145
confirmation,equal_weight,2020-10,-0.02156583388981259,0.0001544977004329005,-0.02179758044046194
confirmation,equal_weight,2020-11,0.1233109800208112,9.314226842105265e-05,0.12317126661817962
confirmation,equal_weight,2020-12,0.04412926345102597,2.6206906493506496e-05,0.04408995309128571
confirmation,equal_weight,2021-01,0.0013854600718981036,0.00010997665964912283,0.0012204950824244193
confirmation,equal_weight,2021-02,0.027326668113355268,8.423471111111114e-05,0.0272003160466886
confirmation,equal_weight,2021-03,0.037689474327720074,0.00012517221343873522,0.03750171600756197
confirmation,equal_weight,2021-04,0.04616826153296727,3.9802824761904764e-05,0.046108557295824415
confirmation,equal_weight,2021-05,0.005171584468833146,7.360649578947368e-05,0.005061174725148936
confirmation,equal_weight,2021-06,0.0217255870123767,2.82688658008658e-05,0.0216831837136754
confirmation,equal_weight,2021-07,0.011070248605214106,5.487786476190477e-05,0.010987931808071248
confirmation,equal_weight,2021-08,0.02481972498714846,2.951461818181819e-05,0.024775453059875736
confirmation,equal_weight,2021-09,-0.04150963240373029,6.304853333333332e-05,-0.04160420520373029
confirmation,equal_weight,2021-10,0.06145490297508638,4.5519485714285716e-05,0.06138662374651495
confirmation,equal_weight,2021-11,-0.0207453981929816,5.882514476190477e-05,-0.020833635910124458
confirmation,equal_weight,2021-12,0.041889888618399596,0.00010563437316017318,0.04173143705865934
confirmation,equal_weight,2022-01,-0.05655118655882596,0.0001315311410526316,-0.05674848327040491
confirmation,equal_weight,2022-02,-0.016238282717612407,0.00018048655906432749,-0.0165090125562089
confirmation,equal_weight,2022-03,0.036786612604461144,0.0001897292110671937,0.03650201878786035
confirmation,equal_weight,2022-04,-0.08176462757603598,0.00021296699368421058,-0.08208407806656229
confirmation,equal_weight,2022-05,0.001738885860433248,0.00036967028,0.001184380440433248
confirmation,equal_weight,2022-06,-0.07638133562123539,0.0003307653561904762,-0.0768774836555211
confirmation,equal_weight,2022-07,0.08948869894664435,0.00013428281684210524,0.08928727472138119
confirmation,equal_weight,2022-08,-0.03359557372520794,0.00013648216284584984,-0.033800296969476715
confirmation,equal_weight,2022-09,-0.08084985730584249,0.00022632291619047623,-0.0811893416801282
confirmation,equal_weight,2022-10,0.08613266741581826,0.0002785354457142858,0.08571486424724684
confirmation,equal_weight,2022-11,0.050024270216063815,0.0002686519333333333,0.04962129231606382
confirmation,equal_weight,2022-12,-0.05439397873343266,0.00011922157142857146,-0.05457281109057551
confirmation,equal_weight,2023-01,0.0576980976407766,0.00010197281157894739,0.05754513842340818
confirmation,equal_weight,2023-02,-0.026501459951703832,7.974612631578948e-05,-0.026621079141177516
confirmation,equal_weight,2023-03,0.020563635508947353,0.00012853002213438739,0.020370840475745774
confirmation,equal_weight,2023-04,0.013881846592555203,4.988832748538013e-05,0.013807014101327132
confirmation,equal_weight,2023-05,-0.011575826795732658,5.352116709956711e-05,-0.01165610854638201
confirmation,equal_weight,2023-06,0.06997032823649274,4.4235693333333345e-05,0.06990397469649275
confirmation,equal_weight,2023-07,0.03180922701810518,2.543206210526316e-05,0.03177107892494729
confirmation,equal_weight,2023-08,-0.017407630591182,4.6721035573122534e-05,-0.017477712144541684
confirmation,equal_weight,2023-09,-0.04567212562681777,4.333436210526316e-05,-0.04573712716997567
confirmation,equal_weight,2023-10,-0.030714559442595157,7.362205367965368e-05,-0.030824992523114637
confirmation,equal_weight,2023-11,0.08195640759481981,5.65285161904762e-05,0.0818716148205341
confirmation,equal_weight,2023-12,0.05483282070264894,4.7004078947368424e-05,0.05476231458422789
confirmation,equal_weight,2024-01,0.008160682542597497,3.706803619047619e-05,0.008105080488311782
confirmation,equal_weight,2024-02,0.05365157888467187,4.949086315789475e-05,0.053577342589935024
confirmation,equal_weight,2024-03,0.03450851341875105,3.0031806315789484e-05,0.034463465709277365
confirmation,equal_weight,2024-04,-0.041007546223778446,5.629768311688313e-05,-0.04109199274845377
confirmation,equal_weight,2024-05,0.03857567396654482,3.2139744588744596e-05,0.03852746434966171
confirmation,equal_weight,2024-06,0.020155384928015607,1.0539714619883043e-05,0.020139575356085782
confirmation,equal_weight,2024-07,0.02413964914166855,5.2651190476190465e-05,0.024060672355954264
confirmation,equal_weight,2024-08,0.02624849449680422,0.00013813832121212124,0.026041287014986036
confirmation,equal_weight,2024-09,0.016702368572157678,5.757846736842106e-05,0.016616000871105045
confirmation,equal_weight,2024-10,-0.011345170009314898,3.698072411067194e-05,-0.011400641095480906
confirmation,equal_weight,2024-11,0.06404373323043999,6.213010105263158e-05,0.06395053807886104
confirmation,equal_weight,2024-12,-0.04041415704687479,7.445741333333335e-05,-0.04052584316687479
confirmation,localized,2015-01,-0.013627220655590966,0.00010410311700896354,-0.013783375331104412
confirmation,localized,2015-02,0.058446829233979924,2.761148781415343e-05,0.0584054120022587
confirmation,localized,2015-03,-0.006271618455243599,7.323609095898108e-05,-0.006381472591682071
confirmation,localized,2015-04,-0.004890860473543479,3.5181543625949406e-05,-0.004943632788982404
confirmation,localized,2015-05,0.020156925717831564,4.2240978960181476e-05,0.020093564249391294
confirmation,localized,2015-06,-0.008027177701991461,4.874174596346882e-05,-0.008100290320936664
confirmation,localized,2015-07,0.034106576445559034,9.464409548425795e-05,0.033964610302332644
confirmation,localized,2015-08,-0.08328289809001266,0.0003208284529322788,-0.08376414076941108
confirmation,localized,2015-09,-0.06868217431013135,0.0003522089448746067,-0.06921048772744326
confirmation,localized,2015-10,0.07504547968694375,0.00017853905815374288,0.07477767109971313
confirmation,localized,2015-11,0.003925292201215402,7.144969681885602e-05,0.003818117655987118
confirmation,localized,2015-12,-0.0005351164699547439,0.00010506546594623683,-0.0006927146688740992
confirmation,localized,2016-01,-0.038261590737186046,0.0001631991978471996,-0.038506389533956846
confirmation,localized,2016-02,0.004762959563613611,0.0001139660170535096,0.004592010538033347
confirmation,localized,2016-03,0.05789177473448448,2.8920434218437395e-05,0.057848394083156826
confirmation,localized,2016-04,-0.0009340530996596597,3.9890088943939784e-05,-0.0009938882330755693
confirmation,localized,2016-05,0.008146662760340595,6.428808007162787e-05,0.008050230640233153
confirmation,localized,2016-06,0.01473807628583601,8.566876039481339e-05,0.01460957314524379
confirmation,localized,2016-07,0.027716259245085695,2.1170609652070674e-05,0.02768450333060759
confirmation,localized,2016-08,-0.008033884782522649,1.4431808861533448e-05,-0.008055532495814949
confirmation,localized,2016-09,0.016508836608113198,8.924072392650944e-05,0.016374975522223435
confirmation,localized,2016-10,-0.014626908412163186,2.4753320826628358e-05,-0.014664038393403129
confirmation,localized,2016-11,0.021748956615467385,6.790884542062382e-05,0.02164709334733645
confirmation,localized,2016-12,0.017777156854181353,5.3774754589648826e-05,0.01769649472229688
confirmation,localized,2017-01,0.04215713474295679,1.8004769565368247e-05,0.04213012758860874
confirmation,localized,2017-02,0.037942514963188456,8.808202910543988e-06,0.03792930265882264
confirmation,localized,2017-03,0.017626341736066697,2.535223858037735e-05,0.017588313378196132
confirmation,localized,2017-04,0.020448971534620775,2.0698848137219426e-05,0.020417923262414945
confirmation,localized,2017-05,0.029055840465061822,4.739919371150248e-05,0.02898474167449457
confirmation,localized,2017-06,-0.019013789591917685,6.953274155393067e-05,-0.01911808870424858
confirmation,localized,2017-07,0.03852364207205716,2.5122562575759514e-05,0.03848595822819352
confirmation,localized,2017-08,0.018779352887971834,5.64930526946087e-05,0.018694613308929922
confirmation,localized,2017-09,0.0037422904123380896,3.085977751007127e-05,0.0036960007460729825
confirmation,localized,2017-10,0.04559111363806112,2.7002611511436882e-05,0.045550609720793965
confirmation,localized,2017-11,0.016357999722571792,3.338720797979595e-05,0.0163079189106021
confirmation,localized,2017-12,0.006102346928146263,2.8069644072263928e-05,0.006060242462037867
confirmation,localized,2018-01,0.06938122889045406,4.6547056012768e-05,0.06931140830643491
confirmation,localized,2018-02,-0.012543431765273394,0.0003490049854542676,-0.013066939243454796
confirmation,localized,2018-03,-0.02999894355881938,0.00023437738514496998,-0.030350509636536835
confirmation,localized,2018-04,-0.004299788189701781,0.00015409183769087646,-0.004530925946238096
confirmation,localized,2018-05,0.054548135649691076,4.6257460706591753e-05,0.05447874945863119
confirmation,localized,2018-06,0.00501630806757114,6.866510350078902e-05,0.0049133104123199565
confirmation,localized,2018-07,0.025908969488188216,7.68662693483913e-05,0.02579367008416563
confirmation,localized,2018-08,0.06396139281618574,2.6525332900675177e-05,0.06392160481683472
confirmation,localized,2018-09,0.001657065869653307,4.005878333458225e-05,0.0015969776946514335
confirmation,localized,2018-10,-0.07623964036993636,0.00037213999990938187,-0.07679785036980043
confirmation,localized,2018-11,-0.00853330716534062,0.0002599264928615087,-0.008923196904632884
confirmation,localized,2018-12,-0.0986914506074057,0.0003670540530785235,-0.09924203168702347
confirmation,localized,2019-01,0.08655774672236571,0.000238028711866244,0.08620070365456635
confirmation,localized,2019-02,0.05090134177318428,3.732202803480489e-05,0.05084535873113208
confirmation,localized,2019-03,0.031683033036986386,7.781961644726958e-05,0.03156630361231548
confirmation,localized,2019-04,0.056979958319161694,2.0934497606394044e-05,0.0569485565727521
confirmation,localized,2019-05,-0.07699131804271342,0.00013303114349605616,-0.0771908647579575
confirmation,localized,2019-06,0.07534513411860044,0.00010254210668499948,0.07519132095857295
confirmation,localized,2019-07,0.03225937042566618,4.9676884861373156e-05,0.03218485509837412
confirmation,localized,2019-08,-0.0204779438141397,0.0002687800144030008,-0.0208811138357442
confirmation,localized,2019-09,0.012862009690672638,7.427548549778534e-05,0.01275059646242596
confirmation,localized,2019-10,0.02947439866367363,9.507656381105199e-05,0.02933178381795705
confirmation,localized,2019-11,0.0466574361698715,1.8906332960380324e-05,0.04662907667043093
confirmation,localized,2019-12,0.03370570001880502,3.0216781201456974e-05,0.033660374847002836
confirmation,localized,2020-01,0.025028688250709807,9.122907016966308e-05,0.024891844645455314
confirmation,localized,2020-02,-0.06934222368585352,0.0003045920686215475,-0.06979911178878584
confirmation,localized,2020-03,-0.1018288666607009,0.003454578052037634,-0.10701073373875736
confirmation,localized,2020-04,0.14458000993362874,0.0007571664866226344,0.1434442602036948
confirmation,localized,2020-05,0.07070428499451853,0.00017946699102456981,0.07043508450798168
confirmation,localized,2020-06,0.04266617048973864,0.000292831071835357,0.04222692388198561
confirmation,localized,2020-07,0.06490491231155904,0.00014792100071644212,0.06468303081048438
confirmation,localized,2020-08,0.0948411630711039,8.336966130833816e-05,0.0947161085791414
confirmation,localized,2020-09,-0.04620340942638623,0.0004039331196751692,-0.046809309105898984
confirmation,localized,2020-10,-0.021907134302905584,0.0002423255664425267,-0.022270622652569374
confirmation,localized,2020-11,0.11017216088328907,0.00017279510254583042,0.10991296822947033
confirmation,localized,2020-12,0.05055418875035467,3.890467414142414e-05,0.05049583173914253
confirmation,localized,2021-01,0.0036459222996358953,0.00016211479005748036,0.003402750114549675
confirmation,localized,2021-02,0.014333267007774708,0.00014202528853290804,0.014120229074975347
confirmation,localized,2021-03,0.016359182475366385,0.0002410783139577169,0.01599756500442981
confirmation,localized,2021-04,0.05534197780056016,4.6477960239759406e-05,0.05527226086020052
confirmation,localized,2021-05,-0.015597928589303534,8.508407179971346e-05,-0.015725554697003104
confirmation,localized,2021-06,0.026951503462925963,2.5290568204885297e-05,0.026913567610618635
confirmation,localized,2021-07,0.0031071355023575276,5.958273621367156e-05,0.0030177613980370203
confirmation,localized,2021-08,0.026604980048218208,5.030887005822083e-05,0.026529516743130876
confirmation,localized,2021-09,-0.025662190842403176,9.337321123454985e-05,-0.025802250659255
confirmation,localized,2021-10,0.06755114262632578,8.357284826861906e-05,0.06742578335392285
confirmation,localized,2021-11,-0.05130080200524867,0.00010199313644301923,-0.051453791709913196
confirmation,localized,2021-12,0.04727781204593873,0.0001553594044026395,0.04704477293933477
confirmation,localized,2022-01,-0.032748234453789604,0.0001375220178919587,-0.03295451748062754
confirmation,localized,2022-02,-0.016690162699144695,0.0001903952881656956,-0.01697575563139324
confirmation,localized,2022-03,0.01278448910341945,0.00029845303336613024,0.012336809553370255
confirmation,localized,2022-04,-0.08994735250792363,0.00019396931884870937,-0.0902383064861967
confirmation,localized,2022-05,0.0018538323404000412,0.000417185894276232,0.0012280534989856933
confirmation,localized,2022-06,-0.09218675496169204,0.00034223892494654576,-0.09270011334911187
confirmation,localized,2022-07,0.11255408283426438,0.000163199952939562,0.11230928290485503
confirmation,localized,2022-08,-0.018020908298598814,0.00012384245153759433,-0.018206671975905205
confirmation,localized,2022-09,-0.09591022669527405,0.00021964689543715071,-0.09623969703842977
confirmation,localized,2022-10,0.12414696446252105,0.0002906436998762912,0.12371099891270661
confirmation,localized,2022-11,0.05744608408940688,0.00016157403485791882,0.05720372303712
confirmation,localized,2022-12,-0.023006858777124495,0.00010504687003347592,-0.02316442908217471
confirmation,localized,2023-01,0.036208838476914806,0.00010813645383506174,0.036046633796162214
confirmation,localized,2023-02,-0.03901655630319789,6.569788032519637e-05,-0.039115103123685685
confirmation,localized,2023-03,0.00716810793765621,0.0001698801719471851,0.006913287679735432
confirmation,localized,2023-04,0.0074331458487324475,7.54894828778705e-05,0.007319911624415642
confirmation,localized,2023-05,-0.06460895375412112,7.2843613960035e-05,-0.06471821917506118
confirmation,localized,2023-06,0.0795085969361542,9.997238814616018e-05,0.07935863835393496
confirmation,localized,2023-07,0.04178659975670884,4.280170559475136e-05,0.04172239719831671
confirmation,localized,2023-08,-0.01812368130672759,3.9563204266622795e-05,-0.018183026113127526
confirmation,localized,2023-09,-0.04207003198775616,4.8397963819247785e-05,-0.042142628933485034
confirmation,localized,2023-10,-0.030849576522049893,7.263702948065705e-05,-0.030958532066270878
confirmation,localized,2023-11,0.05822634815058492,6.85889013755961e-05,0.05812346479852152
confirmation,localized,2023-12,0.04190014564856148,6.554005540437916e-05,0.041801835565454915
confirmation,localized,2024-01,-0.01379667874052315,3.861083336332613e-05,-0.01385459499056814
confirmation,localized,2024-02,0.048505676996003055,4.602040910214044e-05,0.048436646382349846
confirmation,localized,2024-03,0.05409243200787017,2.5964287657590548e-05,0.054053485576383786
confirmation,localized,2024-04,-0.0538206316951958,5.3400691631381924e-05,-0.05390073273264287
confirmation,localized,2024-05,0.03174177873111028,3.35784135270522e-05,0.0316914111108197
confirmation,localized,2024-06,0.027433149001666157,2.8813639140152014e-05,0.027389928542955928
confirmation,localized,2024-07,0.024560221487986533,9.341226780516814e-05,0.02442010308627878
confirmation,localized,2024-08,0.012779245048596177,0.00026911034597624096,0.012375579529631815
confirmation,localized,2024-09,0.030688261303074338,0.0002008423029298207,0.030386997848679608
confirmation,localized,2024-10,-0.0009685253007267747,0.00011441637921199097,-0.001140149869544761
confirmation,localized,2024-11,0.051237061619959556,0.00010740470901434764,0.051075954556438034
confirmation,localized,2024-12,0.009206724697008895,0.0001414140004919804,0.008994603696270923
confirmation,min_variance,2015-01,-0.011989087826648648,0.00010672758139751564,-0.012149179198744921
confirmation,min_variance,2015-02,0.05396665112921406,2.8972555873560072e-05,0.05392319229540372
confirmation,min_variance,2015-03,-0.006195236857055919,6.835810639948713e-05,-0.006297774016655149
confirmation,min_variance,2015-04,-0.007330221877716037,3.130633741510637e-05,-0.007377181383838696
confirmation,min_variance,2015-05,0.01028992577392751,3.597875218261704e-05,0.010235957645653585
confirmation,min_variance,2015-06,-0.012005327224191786,4.486078710155545e-05,-0.01207261840484412
confirmation,min_variance,2015-07,0.03874314235702103,4.8441943291276564e-05,0.03867047944208412
confirmation,min_variance,2015-08,-0.0492927723652129,0.00021914410486981243,-0.04962148852251762
confirmation,min_variance,2015-09,-0.018264971317945466,0.00015810246617560018,-0.018502125017208867
confirmation,min_variance,2015-10,0.05734430475890795,6.242681515671874e-05,0.05725066453617287
confirmation,min_variance,2015-11,0.0043705605515318435,7.196678190989146e-05,0.004262610378667007
confirmation,min_variance,2015-12,-0.0025751113536344183,0.00010243633650050957,-0.0027287658583851826
confirmation,min_variance,2016-01,-0.03520186756793087,0.00016904523203423053,-0.035455435415982214
confirmation,min_variance,2016-02,0.005565742556327136,0.00011220100745950234,0.005397441045137882
confirmation,min_variance,2016-03,0.05886515542329085,2.7870400547437875e-05,0.058823349822469694
confirmation,min_variance,2016-04,0.0004383110844261573,3.946063501200381e-05,0.0003791201319081516
confirmation,min_variance,2016-05,0.007184946092927191,6.451983817753845e-05,0.0070881663356608835
confirmation,min_variance,2016-06,0.01743622670884437,8.286619206316862e-05,0.017311927420749617
confirmation,min_variance,2016-07,0.026352366028598917,2.1250396522013732e-05,0.026320490433815895
confirmation,min_variance,2016-08,-0.009235376505620785,1.4384446405589318e-05,-0.009256953175229168
confirmation,min_variance,2016-09,-0.011994675639026564,8.99548581560983e-05,-0.012129607926260711
confirmation,min_variance,2016-10,-0.027139711788660703,2.2306435332038084e-05,-0.02717317144165876
confirmation,min_variance,2016-11,0.01815545120699258,4.616647779076159e-05,0.018086201490306437
confirmation,min_variance,2016-12,0.013325845873188857,3.235734051126897e-05,0.013277309862421954
confirmation,min_variance,2017-01,0.014216770633500575,1.517769760542004e-05,0.014194004087092446
confirmation,min_variance,2017-02,0.03257242822180251,1.50270446950923e-05,0.03254988765475987
confirmation,min_variance,2017-03,0.0056802794425476755,1.7564943718058228e-05,0.0056539320269705885
confirmation,min_variance,2017-04,0.014424455390789959,1.5662279616496966e-05,0.014400961971365213
confirmation,min_variance,2017-05,0.01509206563804133,1.477182505077673e-05,0.015069907900465165
confirmation,min_variance,2017-06,-0.0019017819227121757,2.5118558803017563e-05,-0.001939459760916702
confirmation,min_variance,2017-07,0.0055228534282409925,1.730453761171199e-05,0.005496896621823425
confirmation,min_variance,2017-08,-0.005644932447294471,2.859183846744195e-05,-0.005687820204995634
confirmation,min_variance,2017-09,0.0248436010709574,8.365211390526655e-06,0.02483105325387161
confirmation,min_variance,2017-10,0.011718616831851048,9.993853471777057e-06,0.011703626051643382
confirmation,min_variance,2017-11,0.043963578531921677,1.888157334183981e-05,0.04393525617190892
confirmation,min_variance,2017-12,0.013624894885549077,1.3071148853404779e-05,0.01360528816226897
confirmation,min_variance,2018-01,0.04970466123529804,3.291913205193629e-05,0.04965528253722014
confirmation,min_variance,2018-02,-0.05220697278094433,0.00023085975796985955,-0.052553262417899115
confirmation,min_variance,2018-03,-0.01640779566067807,0.00010707858558674649,-0.01656841353905819
confirmation,min_variance,2018-04,0.010983430921536419,0.0001233048926478715,0.010798473582564612
confirmation,min_variance,2018-05,0.015257843940980509,3.986478797051632e-05,0.015198046759024735
confirmation,min_variance,2018-06,0.01576319634828338,1.9047136709180708e-05,0.01573462564321961
confirmation,min_variance,2018-07,0.03057223078209992,2.2344452902715092e-05,0.030538714102745845
confirmation,min_variance,2018-08,0.02153757776748022,2.9438278850723082e-05,0.021493420349204137
confirmation,min_variance,2018-09,0.007993153715052381,1.0035636267350594e-05,0.007978100260651355
confirmation,min_variance,2018-10,-0.07103547732766591,0.00014723568329077434,-0.07125633085260207
confirmation,min_variance,2018-11,0.023529150024770074,0.00011793848510439424,0.023352242297113482
confirmation,min_variance,2018-12,-0.09433534110229269,0.000333248009303813,-0.09483521311624842
confirmation,min_variance,2019-01,0.08593762337750777,0.00010673518938983807,0.08577752059342302
confirmation,min_variance,2019-02,0.027547175164678528,2.8595923061283353e-05,0.0275042812800866
confirmation,min_variance,2019-03,0.01663392537897357,5.040005957180199e-05,0.016558325289615865
confirmation,min_variance,2019-04,0.03180531849070145,2.1531397709877686e-05,0.03177302139413663
confirmation,min_variance,2019-05,-0.0720994542219775,6.976006419790342e-05,-0.07220409431827435
confirmation,min_variance,2019-06,0.07083163124584435,3.1930853486245194e-05,0.07078373496561498
confirmation,min_variance,2019-07,0.0010261641762143725,2.120910781275847e-05,0.0009943505144952348
confirmation,min_variance,2019-08,-0.014666779096254356,0.0001785782450967241,-0.014934646463899443
confirmation,min_variance,2019-09,0.023541313543717468,1.9060001205570878e-05,0.02351272354190911
confirmation,min_variance,2019-10,0.005146472445203942,5.4663270049506e-05,0.0050644775401296836
confirmation,min_variance,2019-11,0.024018293490959408,1.248956639332693e-05,0.023999559141369416
confirmation,min_variance,2019-12,0.027584839412375217,1.7842716976196674e-05,0.02755807533691092
confirmation,min_variance,2020-01,-0.00662651186839136,2.5092287627389784e-05,-0.006664150299832445
confirmation,min_variance,2020-02,-0.07685141952151142,0.00020127056809502895,-0.07715332537365396
confirmation,min_variance,2020-03,-0.102489758610111,0.0026468263631667308,-0.1064599981548611
confirmation,min_variance,2020-04,0.14796199157199208,0.00046535883149777235,0.14726395332474543
confirmation,min_variance,2020-05,0.042829305189935996,0.00013886114147776703,0.04262101347771934
confirmation,min_variance,2020-06,0.014035511361030206,0.00022471582221109837,0.013698437627713559
confirmation,min_variance,2020-07,0.07103161524447477,6.872673112130711e-05,0.07092852514779281
confirmation,min_variance,2020-08,0.06307621807892327,3.616085329611706e-05,0.0630219767989791
confirmation,min_variance,2020-09,-0.027867475151270638,0.00022311406194759913,-0.028202146244192036
confirmation,min_variance,2020-10,-0.03634924288707586,0.00015445342912273163,-0.03658092303075996
confirmation,min_variance,2020-11,0.10554720020332686,7.869909213082925e-05,0.10542915156513062
confirmation,min_variance,2020-12,0.0441483083532741,2.5027989336607358e-05,0.04411076636926919
confirmation,min_variance,2021-01,0.022479768385248233,8.367574077770566e-05,0.022354254774081674
confirmation,min_variance,2021-02,-0.016066376977377894,7.456581213365815e-05,-0.01617822569557838
confirmation,min_variance,2021-03,0.02157723313602844,0.00014560768498456968,0.021358821608551584
confirmation,min_variance,2021-04,0.04191478101429946,3.570315815310019e-05,0.04186122627706981
confirmation,min_variance,2021-05,-0.002698038341991893,5.300555058549553e-05,-0.0027775466678701365
confirmation,min_variance,2021-06,0.03030818455309059,3.129202143092464e-05,0.030261246520944203
confirmation,min_variance,2021-07,0.013417894114161166,4.1086746533080585e-05,0.013356263994361545
confirmation,min_variance,2021-08,0.020108301403644058,2.9703974782217655e-05,0.020063745441470732
confirmation,min_variance,2021-09,-0.044868544200311056,5.354736206046111e-05,-0.04494886524340175
confirmation,min_variance,2021-10,0.050308012925909695,4.058496737879662e-05,0.0502471354748415
confirmation,min_variance,2021-11,-0.022600960175915286,4.2720352979417814e-05,-0.02266504070538441
confirmation,min_variance,2021-12,0.05066621446934039,6.957394696052962e-05,0.05056185354889959
confirmation,min_variance,2022-01,-0.063906709422201,9.190127815421221e-05,-0.06404456133943232
confirmation,min_variance,2022-02,-0.0033059159176642705,0.00012730405899908555,-0.003496872006162899
confirmation,min_variance,2022-03,0.049385492567210365,9.083810391737037e-05,0.04924923541133431
confirmation,min_variance,2022-04,-0.05448633085878918,0.0001615481140189614,-0.05472865302981762
confirmation,min_variance,2022-05,0.028998781333607004,0.00024631052523924074,0.028629315545748144
confirmation,min_variance,2022-06,-0.06329340655318294,0.00026057890549127525,-0.06368427491141986
confirmation,min_variance,2022-07,0.05367430770983339,8.962916225922555e-05,0.05353986396644455
confirmation,min_variance,2022-08,-0.03177272467587389,9.009824708221316e-05,-0.031907872046497206
confirmation,min_variance,2022-09,-0.06013753942483402,0.00020364570805585236,-0.0604430079869178
confirmation,min_variance,2022-10,0.108793807200942,0.00021845673287368712,0.10846612210163148
confirmation,min_variance,2022-11,0.05682877083385063,0.00013823578504578224,0.05662141715628195
confirmation,min_variance,2022-12,-0.020682524651335132,9.849169303410197e-05,-0.020830262190886285
confirmation,min_variance,2023-01,0.006341465956100079,7.727944224293143e-05,0.006225546792735681
confirmation,min_variance,2023-02,-0.041689017295291175,5.0353189149882725e-05,-0.041764547079016
confirmation,min_variance,2023-03,0.02006049261500409,0.00010080304388293184,0.019909288049179692
confirmation,min_variance,2023-04,0.03280291127967838,4.836192567044752e-05,0.03273036839117271
confirmation,min_variance,2023-05,-0.042886775023673995,3.9757337765727604e-05,-0.04294641103032259
confirmation,min_variance,2023-06,0.05417249614171182,3.469961342330873e-05,0.05412044672157686
confirmation,min_variance,2023-07,0.007182109238247358,3.6310553720743515e-05,0.007127643407666243
confirmation,min_variance,2023-08,-0.006099595610403186,3.263384852570102e-05,-0.006148546383191737
confirmation,min_variance,2023-09,-0.046024108542207065,3.556070871740132e-05,-0.04607744960528317
confirmation,min_variance,2023-10,-0.04333567956467921,6.819221485145527e-05,-0.04343796788695639
confirmation,min_variance,2023-11,0.058570355273670494,6.851183869946485e-05,0.0584675875156213
confirmation,min_variance,2023-12,0.05966153280184505,5.5340643261958804e-05,0.059578521836952114
confirmation,min_variance,2024-01,0.01537117625685025,2.759582979371427e-05,0.015329782512159678
confirmation,min_variance,2024-02,0.04990947438893589,4.3298237836900305e-05,0.04984452703218054
confirmation,min_variance,2024-03,0.03129721115861406,2.9498138383537442e-05,0.03125296395103875
confirmation,min_variance,2024-04,-0.043602837045250364,4.611950791818683e-05,-0.043672016307127644
confirmation,min_variance,2024-05,0.032096956965312895,3.423756993661768e-05,0.03204560061040797
confirmation,min_variance,2024-06,0.012161888371056806,1.0390199415610492e-05,0.01214630307193339
confirmation,min_variance,2024-07,0.02014101281096381,3.6361630358712405e-05,0.02008647036542574
confirmation,min_variance,2024-08,0.034819961762897256,0.00010589336332555898,0.034661121717908916
confirmation,min_variance,2024-09,0.00517820997881735,4.2684288516568655e-05,0.005114183546042496
confirmation,min_variance,2024-10,-0.024422560432901363,2.6413107951535626e-05,-0.024462180094828666
confirmation,min_variance,2024-11,0.03908068284873112,5.007922749668711e-05,0.03900556400748609
confirmation,min_variance,2024-12,-0.06120535221525436,5.462273156860036e-05,-0.06128728631260726
confirmation,random,2015-01,-0.0048836052573438815,0.00010947143844675451,-0.005047812415014013
confirmation,random,2015-02,0.05320922625852531,4.414247155013046e-05,0.05314301255120012
confirmation,random,2015-03,0.005351394783896124,0.0001011668249448757,0.005199644546478811
confirmation,random,2015-04,-0.011656861823967746,6.475990297338391e-05,-0.011754001678427821
confirmation,random,2015-05,0.04419951550540202,5.6355609871865105e-05,0.044114982090594224
confirmation,random,2015-06,0.0003382718451623301,7.07859534216889e-05,0.00023209291502979677
confirmation,random,2015-07,0.0329441779128099,8.863576910166565e-05,0.032811224259157404
confirmation,random,2015-08,-0.08105564054739,0.00031400506540032303,-0.08152664814549049
confirmation,random,2015-09,-0.06457734371227797,0.00032532160306554265,-0.06506532611687628
confirmation,random,2015-10,0.06341610587652502,6.318213104055856e-05,0.06332133267996418
confirmation,random,2015-11,0.0057816088915865205,6.591762633926185e-05,0.005682732452077627
confirmation,random,2015-12,-0.004061979262716786,0.00011647156516770139,-0.004236686610468338
confirmation,random,2016-01,-0.042945687593645476,0.00017037622928323684,-0.04320125193757033
confirmation,random,2016-02,0.003214251780770727,0.00011628962433573017,0.003039817344267132
confirmation,random,2016-03,0.057510723758958715,3.1769821504658706e-05,0.05746306902670173
confirmation,random,2016-04,0.0010920205527276128,3.880072092678251e-05,0.001033819471337439
confirmation,random,2016-05,0.011787490675243095,6.002813693980455e-05,0.011697448469833388
confirmation,random,2016-06,0.012923867612271822,8.917675551067629e-05,0.012790102479005808
confirmation,random,2016-07,0.033019001804238,1.8883733560481193e-05,0.03299067620389728
confirmation,random,2016-08,-0.01017061147638354,1.4001629987131942e-05,-0.010191613921364237
confirmation,random,2016-09,0.010822033788672858,8.796752168214835e-05,0.010690082506149636
confirmation,random,2016-10,-0.013804932750930199,2.2097430365619273e-05,-0.013838078896478628
confirmation,random,2016-11,0.041451691480275166,4.876236864246378e-05,0.04137854792731147
confirmation,random,2016-12,0.020744429696347932,3.0433466202664386e-05,0.020698779497043934
confirmation,random,2017-01,0.01142014011825876,2.9580437272957197e-05,0.011375769462349323
confirmation,random,2017-02,0.03848609803454317,2.5774196103760076e-05,0.03844743674038753
confirmation,random,2017-03,-0.010924949182201438,5.880802140955663e-05,-0.011013161214315772
confirmation,random,2017-04,0.006438305959875379,4.837205834708073e-05,0.006365747872354758
confirmation,random,2017-05,0.02442072085318281,3.94425827621533e-05,0.024361556979039578
confirmation,random,2017-06,-0.013499323672705121,5.540073675614869e-05,-0.013582424777839344
confirmation,random,2017-07,0.019034115724560152,1.4184457555159078e-05,0.019012839038227414
confirmation,random,2017-08,0.0035500023427561533,4.536191069636246e-05,0.0034819594767116096
confirmation,random,2017-09,0.030283032934530052,2.85279241681754e-05,0.03024024104827779
confirmation,random,2017-10,0.027525305840180536,1.564240606719336e-05,0.027501842231079748
confirmation,random,2017-11,0.03062176606742817,2.24074498150745e-05,0.030588154892705558
confirmation,random,2017-12,0.005720698886388931,2.4193468859029672e-05,0.005684408683100386
confirmation,random,2018-01,0.06696319765621683,4.3466788446517175e-05,0.06689799747354706
confirmation,random,2018-02,-0.018071833037886398,0.0003310732119174819,-0.01856844285576262
confirmation,random,2018-03,-0.028301867325795982,0.00021195772337310206,-0.028619803910855633
confirmation,random,2018-04,-0.0011654736765855933,0.00013784157599507844,-0.001372236040578211
confirmation,random,2018-05,0.01676224479197974,5.478331815803223e-05,0.016680069814742692
confirmation,random,2018-06,-0.004403017806905329,3.783796572905442e-05,-0.004459774755498911
confirmation,random,2018-07,0.02638437906952862,6.609581016846263e-05,0.026285235354275925
confirmation,random,2018-08,0.060338669530595634,2.4072646726176033e-05,0.06030256056050637
confirmation,random,2018-09,0.003409334879174386,3.396655089186138e-05,0.003358385052836594
confirmation,random,2018-10,-0.07584036987124232,0.0003348655688041818,-0.07634266822444859
confirmation,random,2018-11,0.02114457650740431,0.00014761139643957894,0.020923159412744943
confirmation,random,2018-12,-0.08508021478925942,0.0003565177784577905,-0.08561499145694611
confirmation,random,2019-01,0.05931186533189492,0.00016242995743160694,0.05906822039574751
confirmation,random,2019-02,0.03328352477667562,3.804531087228936e-05,0.033226456810367185
confirmation,random,2019-03,0.005878874289372504,8.3242084601226e-05,0.005754011162470665
confirmation,random,2019-04,-0.0187187389099831,7.728421231560065e-05,-0.0188346652284565
confirmation,random,2019-05,-0.07259147852387471,0.00010077236660176043,-0.07274263707377734
confirmation,random,2019-06,0.069164272001915,3.866073474440786e-05,0.06910628089979838
confirmation,random,2019-07,0.019910414786247443,3.890635169103044e-05,0.019852055258710897
confirmation,random,2019-08,-0.01973606718022647,0.00023651226419180502,-0.020090835576514175
confirmation,random,2019-09,0.011571211630939215,3.847641762852814e-05,0.011513497004496423
confirmation,random,2019-10,0.022791998284211523,7.376565114774168e-05,0.02268134980748991
confirmation,random,2019-11,0.04303598807232589,1.687506187730929e-05,0.04301067547950993
confirmation,random,2019-12,0.03220738498753195,2.7049677987109e-05,0.03216681047055129
confirmation,random,2020-01,0.016456514809086054,7.374872428194072e-05,0.016345891722663142
confirmation,random,2020-02,-0.0742900446875504,0.00027594136869553556,-0.07470395674059371
confirmation,random,2020-03,-0.10771896751507415,0.0033240422528605256,-0.11270503089436494
confirmation,random,2020-04,0.14305221372617316,0.0007037936037615802,0.14199652332053078
confirmation,random,2020-05,0.049155022865128295,0.0001565357736717473,0.048920219204620675
confirmation,random,2020-06,-0.0054473450230991816,0.0002726699354274434,-0.005856349926240347
confirmation,random,2020-07,0.06178873491115566,0.00010572088246872813,0.06163015358745257
confirmation,random,2020-08,0.06336724450647813,3.850846894712095e-05,0.06330948180305744
confirmation,random,2020-09,-0.042290307257913495,0.00033666122025727193,-0.042795299088299404
confirmation,random,2020-10,-0.026640617976221193,0.00019379778960303687,-0.026931314660625746
confirmation,random,2020-11,0.11097952520219434,0.0001600192408956047,0.11073949634085094
confirmation,random,2020-12,0.05040458776843049,3.689723920962178e-05,0.05034924190961605
confirmation,random,2021-01,0.004508810873052216,0.00011699131519900895,0.004333323900253702
confirmation,random,2021-02,-0.0019835710050243316,0.00011328011307559286,-0.002153491174637721
confirmation,random,2021-03,0.019307991558328963,0.0002318802515505817,0.01896017118100309
confirmation,random,2021-04,0.057203443572853896,5.380650523639019e-05,0.05712273381499931
confirmation,random,2021-05,-0.002245044409332375,9.638909844081282e-05,-0.0023896280569935943
confirmation,random,2021-06,-0.0072317878767824695,4.948152145490359e-05,-0.007306010158964825
confirmation,random,2021-07,-7.382022826774026e-05,0.00010419505650884387,-0.00023011281303100605
confirmation,random,2021-08,0.02737145235130245,4.2516158015669543e-05,0.027307678114278946
confirmation,random,2021-09,-0.030556937182680377,8.26288740732698e-05,-0.03068088049379028
confirmation,random,2021-10,0.06567429865413055,7.237292971286302e-05,0.06556573925956126
confirmation,random,2021-11,-0.04446982535556199,8.539321659457007e-05,-0.04459791518045384
confirmation,random,2021-12,0.03194339333560636,0.00015231493183392726,0.031714920937855474
confirmation,random,2022-01,-0.027240819201928446,8.893345996278609e-05,-0.027374219391872626
confirmation,random,2022-02,-0.003181416612329957,0.0001396364528556502,-0.0033908712916134323
confirmation,random,2022-03,0.042298155669531656,0.00011276481031629641,0.04212900845405721
confirmation,random,2022-04,-0.047880103166131116,0.00015495447392673939,-0.048112534877021225
confirmation,random,2022-05,0.03655416033049197,0.00030610642991366836,0.036095000685621464
confirmation,random,2022-06,-0.09662603308682538,0.00031506569800181065,-0.09709863163382809
confirmation,random,2022-07,0.08210775921817004,0.00013423985788971836,0.08190639943133546
confirmation,random,2022-08,-0.0154943796279573,0.00011004555500297325,-0.01565944796046176
confirmation,random,2022-09,-0.09796874151632662,0.00023302155379460978,-0.09831827384701854
confirmation,random,2022-10,0.12329757639942929,0.00027000818202519344,0.12289256412639149
confirmation,random,2022-11,0.05884755798321839,0.00022147856130935156,0.05851534014125436
confirmation,random,2022-12,-0.030487261664185694,0.0001267127116996325,-0.030677330731735144
confirmation,random,2023-01,0.03599226989219706,9.9821457406693e-05,0.03584253770608702
confirmation,random,2023-02,-0.039267236764220836,5.9697408524693364e-05,-0.039356782877007876
confirmation,random,2023-03,0.010200219635912777,0.00014850706577844056,0.009977459037245116
confirmation,random,2023-04,0.012277274503217361,6.32384762710895e-05,0.012182416788810727
confirmation,random,2023-05,-0.03087771626563085,3.761644950757614e-05,-0.030934140939892215
confirmation,random,2023-06,0.05534625814432048,4.657778393534317e-05,0.055276391468417466
confirmation,random,2023-07,0.03466408732979431,4.8147728259281376e-05,0.03459186573740539
confirmation,random,2023-08,-0.014933085430083426,9.1071900316565e-05,-0.015069693280558273
confirmation,random,2023-09,-0.056398363224435144,7.138299180470335e-05,-0.0565054377121422
confirmation,random,2023-10,-0.019958937578211322,0.00013313404552715442,-0.020158638646502053
confirmation,random,2023-11,0.11026868749526231,6.61625686992625e-05,0.11016944364221341
confirmation,random,2023-12,0.04661549086756622,4.527231549693267e-05,0.04654758239432082
confirmation,random,2024-01,0.026014574947944347,0.0001150091400420058,0.02584206123788134
confirmation,random,2024-02,0.05744369564359819,0.00011646164733215916,0.057269003172599954
confirmation,random,2024-03,0.02504082102300531,7.939551817443838e-05,0.024921727745743652
confirmation,random,2024-04,-0.04396816564382111,0.00014306818732597352,-0.044182767924810074
confirmation,random,2024-05,0.07033812775175785,6.603324388275982e-05,0.07023907788593371
confirmation,random,2024-06,0.062295483088398385,6.066718821058508e-05,0.062204482306082505
confirmation,random,2024-07,-0.007625111345335389,0.0001956122575612259,-0.007918529731677228
confirmation,random,2024-08,0.015462749189587122,0.00023959141542537603,0.015103362066449057
confirmation,random,2024-09,0.011803084408217535,7.029126727893982e-05,0.011697647507299125
confirmation,random,2024-10,-0.003866161216561581,7.435734745129067e-05,-0.003977697237738517
confirmation,random,2024-11,0.07313745646509062,9.665672109254435e-05,0.0729924713834518
confirmation,random,2024-12,-0.0626264653103128,7.520110058568353e-05,-0.06273926696119132
later_vintage,all_gene,2025-01,0.030670778266353782,7.940050858797312e-05,0.030551677503471823
later_vintage,all_gene,2025-02,-0.029069661227629107,7.811371752685992e-05,-0.029186831803919396
later_vintage,all_gene,2025-03,-0.06294770185293386,0.00019969451755929673,-0.06324724362927281
later_vintage,all_gene,2025-04,0.002819616791039925,0.0008608371984893925,0.0015283609933058363
later_vintage,all_gene,2025-05,0.05014790323699403,0.00010856882031850615,0.04998505000651627
later_vintage,all_gene,2025-06,0.026000214618293604,5.4362006491678166e-05,0.025918671608556088
later_vintage,all_gene,2025-07,-0.0014780236256324297,3.5238993773539205e-05,-0.0015308821162927386
later_vintage,all_gene,2025-08,0.02689765324183835,6.99357238562846e-05,0.02679274965605392
later_vintage,all_gene,2025-09,0.02378860077465972,3.8939716401791955e-05,0.02373019120005703
later_vintage,all_gene,2025-10,0.013548089875850211,8.33302761744549e-05,0.01342309446158853
later_vintage,all_gene,2025-11,-0.004494653689388062,0.00011934857455586038,-0.004673676551221853
later_vintage,all_gene,2025-12,-0.0015285857020891358,4.846144060867987e-05,-0.0016012778630021555
later_vintage,all_gene,2026-01,0.0001125418349681162,6.754411210319397e-05,1.1225666813325248e-05
later_vintage,all_gene,2026-02,-0.03697467211829186,0.0001564731293835867,-0.03720938181236724
later_vintage,all_gene,2026-03,-0.046096821159009704,0.0002039224115099022,-0.046402704776274555
later_vintage,all_gene,2026-04,0.10403617561683554,5.102436840536482e-05,0.10395963906422749
later_vintage,all_gene,2026-05,0.07338351908816221,6.105704960520492e-05,0.0732919335137544
later_vintage,all_gene,2026-06,-0.0210520679611903,0.0002309262950110996,-0.021398457403706952
later_vintage,equal_weight,2025-01,0.04186945996373259,4.867417263157895e-05,0.04179644870478522
later_vintage,equal_weight,2025-02,-0.01144400652874722,5.404066666666668e-05,-0.01152506752874722
later_vintage,equal_weight,2025-03,-0.04973798246624139,0.00013743533904761904,-0.04994413547481282
later_vintage,equal_weight,2025-04,-0.009313970757315992,0.0008150067790476193,-0.010536480925887421
later_vintage,equal_weight,2025-05,0.04361117153663696,0.00011178805904761907,0.04344348944806553
later_vintage,equal_weight,2025-06,0.03777334382254405,3.455904842105264e-05,0.03772150524991247
later_vintage,equal_weight,2025-07,0.01291905144478478,2.6641357575757582e-05,0.012879089408421142
later_vintage,equal_weight,2025-08,0.027382378317380995,4.4981422857142864e-05,0.027314906183095282
later_vintage,equal_weight,2025-09,0.02738106722346023,2.1022331428571433e-05,0.027349533726317373
later_vintage,equal_weight,2025-10,0.018584514613220415,5.772348458498024e-05,0.018497929386342944
later_vintage,equal_weight,2025-11,0.022150486495859933,7.316094736842108e-05,0.022040745074807303
later_vintage,equal_weight,2025-12,-0.0009085235833774519,2.7530958441558444e-05,-0.0009498200210397896
later_vintage,equal_weight,2026-01,0.025103453785420005,3.479925368421054e-05,0.02505125490489369
later_vintage,equal_weight,2026-02,0.012707544978368901,4.993232514619884e-05,0.012632646490649603
later_vintage,equal_weight,2026-03,-0.051140883666719095,0.00011002661818181817,-0.051305923593991824
later_vintage,equal_weight,2026-04,0.067167579306324,5.557937333333335e-05,0.067084210246324
later_vintage,equal_weight,2026-05,0.026326449076415237,2.915330947368421e-05,0.02628271911220471
later_vintage,equal_weight,2026-06,0.01967825455572303,6.435021904761905e-05,0.019581729227151602
later_vintage,localized,2025-01,0.035304266914254256,5.947681126158614e-05,0.035215051697361874
later_vintage,localized,2025-02,-0.018403908734805463,6.263445296441792e-05,-0.01849786041425209
later_vintage,localized,2025-03,-0.0562385985670526,0.00020079753286563758,-0.05653979486635106
later_vintage,localized,2025-04,-0.004235914463693646,0.0007892237538783765,-0.005419750094511211
later_vintage,localized,2025-05,0.052177812730520134,0.00010425354674612097,0.052021432410400956
later_vintage,localized,2025-06,0.027305366575622658,5.6737379896081534e-05,0.027220260505778537
later_vintage,localized,2025-07,-0.002361368506605177,3.624900219857623e-05,-0.0024157420099030413
later_vintage,localized,2025-08,0.03357173358483112,6.51732952366627e-05,0.03347397364197613
later_vintage,localized,2025-09,0.012105371390691566,3.594129666372731e-05,0.012051459445695975
later_vintage,localized,2025-10,-0.01114189466572768,7.90362608594303e-05,-0.011260449057016826
later_vintage,localized,2025-11,0.01143644049530912,8.604199524140395e-05,0.011307377502447013
later_vintage,localized,2025-12,0.01036353926859146,2.9901939105317477e-05,0.010318686359933483
later_vintage,localized,2026-01,0.01115881945769881,6.475469320020523e-05,0.011061687417898501
later_vintage,localized,2026-02,-0.008631889740478793,7.9770100389549e-05,-0.008751544891063117
later_vintage,localized,2026-03,-0.051630530310481926,0.00011156403730587568,-0.05179787636644074
later_vintage,localized,2026-04,0.13297372707640087,7.61445988599185e-05,0.13285951017811098
later_vintage,localized,2026-05,0.06417069873304082,5.6879790057313505e-05,0.06408537904795485
later_vintage,localized,2026-06,-0.038796066229879966,0.00018527017853023226,-0.03907397149767532
later_vintage,min_variance,2025-01,0.04527185682364543,4.865757785519531e-05,0.04519887045686263
later_vintage,min_variance,2025-02,0.010425076506359598,4.077529649495786e-05,0.010363913561617161
later_vintage,min_variance,2025-03,-0.029998206440672193,7.582182367477946e-05,-0.030111939176184363
later_vintage,min_variance,2025-04,-0.027227013023721103,0.0006310287539570938,-0.028173556154656745
later_vintage,min_variance,2025-05,-0.004349845357860205,0.00016127409274746603,-0.004591756496981404
later_vintage,min_variance,2025-06,0.02528801224190036,2.5166425736343615e-05,0.025250262603295843
later_vintage,min_variance,2025-07,0.007592338422030442,5.12514755008312e-05,0.0075154612087791955
later_vintage,min_variance,2025-08,0.02872927763234423,4.057782877176165e-05,0.028668410889186587
later_vintage,min_variance,2025-09,0.021918952134125202,3.290246970169963e-05,0.021869598429572652
later_vintage,min_variance,2025-10,0.02540206426087277,4.6563108699282175e-05,0.025332219597823846
later_vintage,min_variance,2025-11,0.04644190375953894,5.125972842097472e-05,0.04636501416690748
later_vintage,min_variance,2025-12,-0.007461850739771236,3.8184065402905895e-05,-0.007519126837875595
later_vintage,min_variance,2026-01,0.05417327800017091,3.4616608267459095e-05,0.05412135308776972
later_vintage,min_variance,2026-02,0.05229935790681117,4.588743297393748e-05,0.052230526757350265
later_vintage,min_variance,2026-03,-0.052439028617234595,9.111525469721827e-05,-0.052575701499280425
later_vintage,min_variance,2026-04,0.028613787975662497,7.022816759714831e-05,0.028508445724266775
later_vintage,min_variance,2026-05,0.009634231872940768,3.36491140127079e-05,0.009583758201921706
later_vintage,min_variance,2026-06,0.041143453921037576,6.0033914439863904e-05,0.04105340304937778
later_vintage,random,2025-01,0.013018661035621548,0.00017972121728781725,0.012749079209689823
later_vintage,random,2025-02,-0.02804467347975348,6.73969884795298e-05,-0.028145768962472773
later_vintage,random,2025-03,-0.05525845465584167,0.0001914503785508852,-0.055545630223668
later_vintage,random,2025-04,-0.006054520678076214,0.0009162699770611788,-0.007428925643667982
later_vintage,random,2025-05,0.05109794038460924,0.0001064557358483347,0.05093825678083674
later_vintage,random,2025-06,0.015435061465838062,5.8839820613585836e-05,0.015346801734917684
later_vintage,random,2025-07,0.007032108416670013,2.8991187824973667e-05,0.006988621634932552
later_vintage,random,2025-08,0.017847396651948344,8.64421926343899e-05,0.01771773336299676
later_vintage,random,2025-09,0.05013547069531876,2.9213629144202738e-05,0.050091650251602456
later_vintage,random,2025-10,0.03564079818327803,0.00010415302917856679,0.03548456863951018
later_vintage,random,2025-11,-0.007798512293743176,0.00013901812314672952,-0.00800703947846327
later_vintage,random,2025-12,-0.00415051421860857,6.132612399664303e-05,-0.004242503404603535
later_vintage,random,2026-01,0.0030370833825652532,4.010402449089155e-05,0.0029769273458289157
later_vintage,random,2026-02,-0.007325324560527036,0.00010112040099262468,-0.007477005162015973
later_vintage,random,2026-03,-0.04028657421892312,9.387140501384344e-05,-0.040427381326443884
later_vintage,random,2026-04,0.059342409980654987,4.2011123860048745e-05,0.05927939329486491
later_vintage,random,2026-05,0.05403321370348246,4.619375206689752e-05,0.053963923075382114
later_vintage,random,2026-06,0.008838842302657302,0.00013471547578222445,0.008636769088983965
