period,date,method,turnover,candidate_count,w_Cnsmr,w_Manuf,w_HiTec,w_Hlth,w_Other
confirmation,2015-01-02,localized,0.19911891147081823,64,0.39911891147081824,0.2,0.2,0.2,0.0008810885291818116
confirmation,2015-01-02,all_gene,0.159901238399929,64,0.19247782557192505,0.10749607887909729,0.16167465987219623,0.35990123839992894,0.1784501972768524
confirmation,2015-01-02,random,0.436421065758525,64,0.05418426814479417,0.05902969104396547,0.2304436882545338,0.6059773775039913,0.05036497505271543
confirmation,2015-01-02,min_variance,0.6461240008102332,1,0.8461240008102334,0.1538759991897667,0.0,1.1769643274642058e-17,0.0
confirmation,2015-01-02,equal_weight,0.0,1,0.2,0.2,0.2,0.2,0.2
confirmation,2015-02-02,localized,0.17398133429148888,64,0.5731002457623071,0.026018665708511135,0.2,0.2,0.0008810885291818116
confirmation,2015-02-02,all_gene,0.17209728646679653,64,0.1703093761287522,0.09202846178224837,0.10225716801845436,0.5319985248667255,0.10340646920381959
confirmation,2015-02-02,random,0.0,64,0.05418426814479417,0.05902969104396547,0.2304436882545338,0.6059773775039913,0.05036497505271543
confirmation,2015-02-02,min_variance,0.008813327347792143,1,0.8549373281580255,0.14506267184197447,0.0,0.0,0.0
confirmation,2015-02-02,equal_weight,0.0,1,0.2,0.2,0.2,0.2,0.2
confirmation,2015-03-02,localized,0.017111001712886154,64,0.5902112474751933,0.008907663995624981,0.2,0.2,0.0008810885291818116
confirmation,2015-03-02,all_gene,0.16495375286019892,64,0.16901054268037016,0.04712907296315331,0.041945615416194175,0.6969522777269244,0.0449624912133579
confirmation,2015-03-02,random,0.2870286539708372,64,0.011936530482219706,0.01095006140335332,0.033742401586883214,0.8829485628766703,0.060422443650873625
confirmation,2015-03-02,min_variance,0.05513255263105769,1,0.9100698807890832,0.08993011921091686,0.0,0.0,0.0
confirmation,2015-03-02,equal_weight,0.0,1,0.2,0.2,0.2,0.2,0.2
confirmation,2015-04-01,localized,0.008845338345123589,64,0.5902112474751933,6.232565050139256e-05,0.2,0.2,0.0097264268743054
confirmation,2015-04-01,all_gene,0.13570439164090517,64,0.09404854796707554,0.028214655720372715,0.02268695375116584,0.8326566693678296,0.02239317319355628
confirmation,2015-04-01,random,0.0,64,0.011936530482219706,0.01095006140335332,0.033742401586883214,0.8829485628766703,0.060422443650873625
confirmation,2015-04-01,min_variance,0.0068417196335535365,1,0.9032281611555297,0.0967718388444704,1.8120411484644056e-17,4.439253793018394e-18,0.0
confirmation,2015-04-01,equal_weight,0.0,1,0.2,0.2,0.2,0.2,0.2
confirmation,2015-05-01,localized,0.0,64,0.5902112474751933,6.232565050139256e-05,0.2,0.2,0.0097264268743054
confirmation,2015-05-01,all_gene,0.07128299477842372,64,0.0656125822150974,0.007949851888934096,0.013822932077043115,0.9039396641462533,0.008674969672672056
confirmation,2015-05-01,random,0.0,64,0.011936530482219706,0.01095006140335332,0.033742401586883214,0.8829485628766703,0.060422443650873625
confirmation,2015-05-01,min_variance,0.026168486106786657,1,0.8770596750487429,0.10439178119284173,2.379547285031141e-17,0.01854854375841517,3.9185004431754094e-18
confirmation,2015-05-01,equal_weight,0.0,1,0.2,0.2,0.2,0.2,0.2
confirmation,2015-06-01,localized,0.19517692291671618,64,0.7853881703919094,6.232565050139256e-05,0.0048230770832838055,0.2,0.0097264268743054
confirmation,2015-06-01,all_gene,0.055813579082342434,64,0.02587760742957847,0.0033860115335664982,0.00837731144607765,0.9597532432285957,0.002605826362181605
confirmation,2015-06-01,random,0.0,64,0.011936530482219706,0.01095006140335332,0.033742401586883214,0.8829485628766703,0.060422443650873625
confirmation,2015-06-01,min_variance,0.044789991623992643,1,0.9218496666727357,0.07815033332726443,0.0,0.0,1.8515051066641027e-17
confirmation,2015-06-01,equal_weight,0.0,1,0.2,0.2,0.2,0.2,0.2
confirmation,2015-07-01,localized,0.7768967901425041,64,0.008491380249405323,6.232565050139256e-05,0.0048230770832838055,0.9768967901425041,0.0097264268743054
confirmation,2015-07-01,all_gene,0.026522976698626695,64,0.006510292254954086,0.0017657326561799516,0.0037790439970414947,0.9862762199272224,0.00166871116460199
confirmation,2015-07-01,random,0.0,64,0.011936530482219706,0.01095006140335332,0.033742401586883214,0.8829485628766703,0.060422443650873625
confirmation,2015-07-01,min_variance,0.001193285858654479,1,0.9206563808140812,0.07934361918591881,2.868591428650823e-17,0.0,0.0
confirmation,2015-07-01,equal_weight,0.0,1,0.2,0.2,0.2,0.2,0.2
confirmation,2015-08-03,localized,3.116474065501234e-05,64,0.008491380249405323,3.116090984638022e-05,0.004854241823938818,0.9768967901425041,0.0097264268743054
confirmation,2015-08-03,all_gene,0.01016629456741228,64,0.001537665141772897,0.000313231286185058,0.001183691947853964,0.9964425144946347,0.0005228971295534038
confirmation,2015-08-03,random,0.0,64,0.011936530482219706,0.01095006140335332,0.033742401586883214,0.8829485628766703,0.060422443650873625
confirmation,2015-08-03,min_variance,0.028207021468589007,1,0.9488634022826703,0.05113659771732994,0.0,0.0,0.0
confirmation,2015-08-03,equal_weight,0.0,1,0.2,0.2,0.2,0.2,0.2
confirmation,2015-09-01,localized,0.0,64,0.008491380249405323,3.116090984638022e-05,0.004854241823938818,0.9768967901425041,0.0097264268743054
confirmation,2015-09-01,all_gene,0.002126672751652874,64,0.0006755307375110217,0.00019117783898362991,0.000440124936289493,0.9985691872462876,0.0001239792409283327
confirmation,2015-09-01,random,0.0,64,0.011936530482219706,0.01095006140335332,0.033742401586883214,0.8829485628766703,0.060422443650873625
confirmation,2015-09-01,min_variance,0.004354206901621727,1,0.9445091953810485,0.055490804618951464,4.037433877718937e-17,8.300006297137779e-17,0.0
confirmation,2015-09-01,equal_weight,0.0,1,0.2,0.2,0.2,0.2,0.2
confirmation,2015-10-01,localized,0.0,64,0.008491380249405323,3.116090984638022e-05,0.004854241823938818,0.9768967901425041,0.0097264268743054
confirmation,2015-10-01,all_gene,0.0016034800535212252,64,0.001838544240570033,0.0002941324669799139,0.0007496882173947189,0.9969657071927663,0.0001519278822889734
confirmation,2015-10-01,random,0.7511334643861993,64,0.6803871493222665,0.09363290694950567,0.027060413069544657,0.1598439172095511,0.03907561344913211
confirmation,2015-10-01,min_variance,0.03385167288846596,1,0.9783608682695143,0.02163913173048551,4.9830494258909397e-17,0.0,7.107478736285642e-17
confirmation,2015-10-01,equal_weight,0.0,1,0.2,0.2,0.2,0.2,0.2
confirmation,2015-11-02,localized,0.9419567791520234,64,0.9504481594014287,3.116090984638022e-05,0.004854241823938818,0.03494001099048072,0.0097264268743054
confirmation,2015-11-02,all_gene,0.008401477617089781,64,0.008808588160097297,0.0004302042127557559,0.0016986487419078653,0.9885642295756766,0.0004983293095625245
confirmation,2015-11-02,random,0.0833580411949666,64,0.6778606869825708,0.012801328094234652,0.045580366752207696,0.16470299229948224,0.09905462587150446
confirmation,2015-11-02,min_variance,0.030524774731998036,1,0.9478360935375165,0.0521639064624837,1.0266784192788345e-17,0.0,0.0
confirmation,2015-11-02,equal_weight,0.0,1,0.2,0.2,0.2,0.2,0.2
confirmation,2015-12-01,localized,0.0,64,0.9504481594014287,3.116090984638022e-05,0.004854241823938818,0.03494001099048072,0.0097264268743054
confirmation,2015-12-01,all_gene,0.015636328806933098,64,0.02356014956092964,0.0006301563375941224,0.0023834640231701902,0.9729414456518771,0.00048478442642881857
confirmation,2015-12-01,random,0.0,64,0.6778606869825708,0.012801328094234652,0.045580366752207696,0.16470299229948224,0.09905462587150446
confirmation,2015-12-01,min_variance,0.002026814324136179,1,0.9498629078616525,0.05013709213834741,8.883002707292557e-17,6.383995968347361e-18,0.0
confirmation,2015-12-01,equal_weight,0.0,1,0.2,0.2,0.2,0.2,0.2
confirmation,2016-01-04,localized,0.0,64,0.9504481594014287,3.116090984638022e-05,0.004854241823938818,0.03494001099048072,0.0097264268743054
confirmation,2016-01-04,all_gene,0.03422278965060075,64,0.05687719832685337,0.0004818749862198929,0.0029453130231037205,0.9388669373526507,0.0008286763111723971
confirmation,2016-01-04,random,0.17534305253417146,64,0.8182989452482068,0.002748122413553209,0.08048516102074324,0.09387264174138835,0.0045951295761083345
confirmation,2016-01-04,min_variance,0.036657015492598734,1,0.9132058923690539,0.08679410763094618,0.0,2.1069925019155667e-17,7.362099381509707e-18
confirmation,2016-01-04,equal_weight,0.0,1,0.2,0.2,0.2,0.2,0.2
confirmation,2016-02-01,localized,0.009646174544581429,64,0.9504481594014287,3.116090984638022e-05,0.014500416368520248,0.03494001099048072,8.025232972397149e-05
confirmation,2016-02-01,all_gene,0.06004863401116062,64,0.11501950703866438,0.000506411282386428,0.004304132646575997,0.87881830334149,0.001351645690883126
confirmation,2016-02-01,random,0.0,64,0.8182989452482068,0.002748122413553209,0.08048516102074324,0.09387264174138835,0.0045951295761083345
confirmation,2016-02-01,min_variance,0.06292759218778445,1,0.9761334845568383,0.023866515443161762,0.0,4.4118538843156314e-17,0.0
confirmation,2016-02-01,equal_weight,0.0,1,0.2,0.2,0.2,0.2,0.2
confirmation,2016-03-01,localized,0.033873604180505675,64,0.9504481594014287,3.116090984638022e-05,0.014500416368520248,0.0010664068099750443,0.03395385651022965
confirmation,2016-03-01,all_gene,0.1956462389744836,64,0.3106372329053074,0.0005349243902270549,0.0033506869233948973,0.6847386237181834,0.0007385320628873145
confirmation,2016-03-01,random,0.0,64,0.8182989452482068,0.002748122413553209,0.08048516102074324,0.09387264174138835,0.0045951295761083345
confirmation,2016-03-01,min_variance,0.04931574595426703,1,0.9268177386025713,0.07318226139742876,0.0,0.0,0.0
confirmation,2016-03-01,equal_weight,0.0,1,0.2,0.2,0.2,0.2,0.2
confirmation,2016-04-01,localized,0.001052488078678311,64,0.9504481594014287,0.0010836489885246911,0.014500416368520248,1.3918731296733372e-05,0.03395385651022965
confirmation,2016-04-01,all_gene,0.28227668447743387,64,0.5922510351234263,0.000364260388285715,0.0025194461494153528,0.40346384401667035,0.0014014143222022557
confirmation,2016-04-01,random,0.0,64,0.8182989452482068,0.002748122413553209,0.08048516102074324,0.09387264174138835,0.0045951295761083345
confirmation,2016-04-01,min_variance,0.022069328827990415,1,0.9488870674305617,0.05111293256943833,0.0,0.0,1.0042061595466319e-17
confirmation,2016-04-01,equal_weight,0.0,1,0.2,0.2,0.2,0.2,0.2
confirmation,2016-05-02,localized,0.0010651900133742797,64,0.9504481594014287,1.8458975150411434e-05,0.014500416368520248,0.001079108744671013,0.03395385651022965
confirmation,2016-05-02,all_gene,0.15833752941028964,64,0.7491206966718147,0.0006330172889841269,0.0021638096185402243,0.24548195113725588,0.0026005252834050397
confirmation,2016-05-02,random,0.0,64,0.8182989452482068,0.002748122413553209,0.08048516102074324,0.09387264174138835,0.0045951295761083345
confirmation,2016-05-02,min_variance,0.015051025608929949,1,0.9639380930394915,0.0360619069605083,4.517276287337052e-17,2.7678049668559635e-18,4.0168246381865277e-17
confirmation,2016-05-02,equal_weight,0.0,1,0.2,0.2,0.2,0.2,0.2
confirmation,2016-06-01,localized,0.0010769030841068443,64,0.9504481594014287,0.0010953620592572557,0.014500416368520248,2.2056605641688175e-06,0.03395385651022965
confirmation,2016-06-01,all_gene,0.15705064113368197,64,0.9061713378054967,0.0006324570338070083,0.0008192812266439442,0.09080474273147866,0.0015721812025737436
confirmation,2016-06-01,random,0.0,64,0.8182989452482068,0.002748122413553209,0.08048516102074324,0.09387264174138835,0.0045951295761083345
confirmation,2016-06-01,min_variance,0.0370714178572336,1,0.9268666751822581,0.07313332481774198,0.0,1.7822890658596294e-17,2.409683283323295e-17
confirmation,2016-06-01,equal_weight,0.0,1,0.2,0.2,0.2,0.2,0.2
confirmation,2016-07-01,localized,0.0,64,0.9504481594014287,0.0010953620592572557,0.014500416368520248,2.2056605641688175e-06,0.03395385651022965
confirmation,2016-07-01,all_gene,0.07038782515215235,64,0.976559162957649,0.00036531766130414495,0.0005180622862550925,0.021675842245937417,0.0008816148488542593
confirmation,2016-07-01,random,0.0,64,0.8182989452482068,0.002748122413553209,0.08048516102074324,0.09387264174138835,0.0045951295761083345
confirmation,2016-07-01,min_variance,0.04473968336260439,1,0.9716063585448625,0.028393641455137744,0.0,0.0,8.61378797560559e-17
confirmation,2016-07-01,equal_weight,0.0,1,0.2,0.2,0.2,0.2,0.2
confirmation,2016-08-01,localized,0.0,64,0.9504481594014287,0.0010953620592572557,0.014500416368520248,2.2056605641688175e-06,0.03395385651022965
confirmation,2016-08-01,all_gene,0.01734330649033098,64,0.99390246944798,0.00021441792325106447,0.0002937891216282323,0.005094509158983913,0.000494814348156745
confirmation,2016-08-01,random,0.0,64,0.8182989452482068,0.002748122413553209,0.08048516102074324,0.09387264174138835,0.0045951295761083345
confirmation,2016-08-01,min_variance,0.00818550230933826,1,0.9634208562355242,0.03657914376447585,2.149421478656086e-18,0.0,2.086447966522008e-17
confirmation,2016-08-01,equal_weight,0.0,1,0.2,0.2,0.2,0.2,0.2
confirmation,2016-09-01,localized,0.9443534387025925,64,0.006094720698836209,0.0010953620592572557,0.9588538550711128,2.2056605641688175e-06,0.03395385651022965
confirmation,2016-09-01,all_gene,0.004605874480047305,64,0.9985083439280273,8.238129309637488e-05,4.5782218739697535e-05,0.0011510812823583927,0.00021241127777822587
confirmation,2016-09-01,random,0.7045282957827367,64,0.1602962313251257,0.04121535349550935,0.7171334779073625,0.047347059881732774,0.0340078773902696
confirmation,2016-09-01,min_variance,0.03961510759566212,1,0.9238057486398621,0.07619425136013797,0.0,1.2469114306530542e-17,1.5063092420943956e-17
confirmation,2016-09-01,equal_weight,0.0,1,0.2,0.2,0.2,0.2,0.2
confirmation,2016-10-03,localized,0.007493924794317449,64,0.006094720698836209,0.0010953620592572557,0.9663477798654302,2.2056605641688175e-06,0.02645993171591218
confirmation,2016-10-03,all_gene,0.002249668363082154,64,0.9962586755649452,0.00029800773891824813,0.00016794857194823894,0.002912665677020266,0.00036270244716808854
confirmation,2016-10-03,random,0.2903467073020459,64,0.012692536660148818,0.2059648445015875,0.6176922754957437,0.004045249656282571,0.1596050936862374
confirmation,2016-10-03,min_variance,0.023440237434977668,1,0.9023237101910063,0.0742360523740161,0.0,0.023440237434977706,0.0
confirmation,2016-10-03,equal_weight,0.0,1,0.2,0.2,0.2,0.2,0.2
confirmation,2016-11-01,localized,0.0,64,0.006094720698836209,0.0010953620592572557,0.9663477798654302,2.2056605641688175e-06,0.02645993171591218
confirmation,2016-11-01,all_gene,0.002533212964911185,64,0.9987918885298563,0.00014273042240206207,0.00011121627937955382,0.0008525734679444699,0.00010159130041754396
confirmation,2016-11-01,random,0.0,64,0.012692536660148818,0.2059648445015875,0.6176922754957437,0.004045249656282571,0.1596050936862374
confirmation,2016-11-01,min_variance,0.020131388196751778,1,0.8821923219942545,0.086928698182752,0.0,0.030878979822993462,3.1847984089099227e-17
confirmation,2016-11-01,equal_weight,0.0,1,0.2,0.2,0.2,0.2,0.2
confirmation,2016-12-01,localized,0.00591952697955724,64,0.00017519371927896855,0.0010953620592572557,0.9663477798654302,2.2056605641688175e-06,0.03237945869546942
confirmation,2016-12-01,all_gene,0.0003709085165755708,64,0.9990593513538587,0.00022669884297517765,7.480694135811967e-05,0.0005180742893902325,0.00012106857241753614
confirmation,2016-12-01,random,0.5456152696899526,64,0.0431570455753961,0.43115086735090075,0.07207700580579116,0.0170205674395323,0.43659451382837977
confirmation,2016-12-01,min_variance,0.008200845875129145,1,0.8740507411371351,0.09512954405788118,0.0,0.030819714804983724,4.785879018313512e-17
confirmation,2016-12-01,equal_weight,0.0,1,0.2,0.2,0.2,0.2,0.2
confirmation,2017-01-03,localized,0.0,64,0.00017519371927896855,0.0010953620592572557,0.9663477798654302,2.2056605641688175e-06,0.03237945869546942
confirmation,2017-01-03,all_gene,0.0006863376858245065,64,0.9983730136680343,0.0006607565652167227,0.00010085150303601456,0.0006292197969591209,0.00023615846675384216
confirmation,2017-01-03,random,0.46262777405578764,64,0.004311762376579934,0.8118539651357243,0.14859159120707666,0.02243065830921094,0.012812022971408286
confirmation,2017-01-03,min_variance,0.0546820428180439,1,0.8279415157579948,0.08655672661897763,0.0,0.08550175762302763,1.921904375423156e-17
confirmation,2017-01-03,equal_weight,0.0,1,0.2,0.2,0.2,0.2,0.2
confirmation,2017-02-01,localized,0.0,64,0.00017519371927896855,0.0010953620592572557,0.9663477798654302,2.2056605641688175e-06,0.03237945869546942
confirmation,2017-02-01,all_gene,0.0035551006228385263,64,0.9948179130451958,0.003160733770291371,0.0001630786889045545,0.001505205831928343,0.0003530686636800029
confirmation,2017-02-01,random,0.888013647154372,64,0.07816118057622466,0.043045909799922004,0.029385999388506858,0.1089610374319231,0.7404458728034233
confirmation,2017-02-01,min_variance,0.08949319318924347,1,0.7384483225687514,0.1695386143270276,2.815407011577988e-17,0.09201306310422111,0.0
confirmation,2017-02-01,equal_weight,0.0,1,0.2,0.2,0.2,0.2,0.2
confirmation,2017-03-01,localized,0.0,64,0.00017519371927896855,0.0010953620592572557,0.9663477798654302,2.2056605641688175e-06,0.03237945869546942
confirmation,2017-03-01,all_gene,0.009005444598520027,64,0.9858124684466758,0.011412212989834712,0.000293226607322544,0.0020203442685859043,0.00046174768758112386
confirmation,2017-03-01,random,0.0,64,0.07816118057622466,0.043045909799922004,0.029385999388506858,0.1089610374319231,0.7404458728034233
confirmation,2017-03-01,min_variance,0.02433761905505674,1,0.7399587327516524,0.14520099527197083,4.873511307897658e-18,0.11484027197637679,1.0669690445182964e-17
confirmation,2017-03-01,equal_weight,0.0,1,0.2,0.2,0.2,0.2,0.2
confirmation,2017-04-03,localized,0.0,64,0.00017519371927896855,0.0010953620592572557,0.9663477798654302,2.2056605641688175e-06,0.03237945869546942
confirmation,2017-04-03,all_gene,0.014941836162967322,64,0.9713548362686857,0.026146852412597187,0.0003601679632720027,0.0015361402836087102,0.0006020030718365216
confirmation,2017-04-03,random,0.08557194254582742,64,0.07158820641955096,0.025190961510254923,0.08715947823957257,0.04781701733243644,0.768244336498185
confirmation,2017-04-03,min_variance,0.027945849629629444,1,0.712012883122023,0.14965441277889704,0.0,0.13833270409908013,0.0
confirmation,2017-04-03,equal_weight,0.0,1,0.2,0.2,0.2,0.2,0.2
confirmation,2017-05-01,localized,5.639679337693241e-07,64,0.00017575768721273788,0.0010953620592572557,0.9663477798654302,1.6416926303994934e-06,0.03237945869546942
confirmation,2017-05-01,all_gene,0.06411818509171578,64,0.9072366511769698,0.08691114577780873,0.0004692870340699723,0.004105960971478553,0.0012769550396728867
confirmation,2017-05-01,random,0.7608901297670811,64,0.04727864322915776,0.06868829009568932,0.8045522794212193,0.04526679548401891,0.03421399176991474
confirmation,2017-05-01,min_variance,0.008330510337114561,1,0.7160571893994759,0.14132390244178242,5.204170427930421e-18,0.14261890815874168,5.656505008071263e-17
confirmation,2017-05-01,equal_weight,0.0,1,0.2,0.2,0.2,0.2,0.2
confirmation,2017-06-01,localized,0.0009598743288116705,64,0.00017575768721273788,0.0001354877304455864,0.9663477798654302,1.6416926303994934e-06,0.03333933302428109
confirmation,2017-06-01,all_gene,0.10731686678019069,64,0.7999197843967791,0.18288078713535072,0.0008164950630735619,0.013982234078893456,0.0024006993259030637
confirmation,2017-06-01,random,0.0,64,0.04727864322915776,0.06868829009568932,0.8045522794212193,0.04526679548401891,0.03421399176991474
confirmation,2017-06-01,min_variance,0.05900665995638224,1,0.7750638493558581,0.0862327297605337,2.6958862559174157e-17,0.1387034208836082,0.0
confirmation,2017-06-01,equal_weight,0.0,1,0.2,0.2,0.2,0.2,0.2
confirmation,2017-07-03,localized,0.0,64,0.00017575768721273788,0.0001354877304455864,0.9663477798654302,1.6416926303994934e-06,0.03333933302428109
confirmation,2017-07-03,all_gene,0.20763209488587428,64,0.5934244223920175,0.3884281795848637,0.0009074197063022861,0.012845501197780863,0.004394477119035695
confirmation,2017-07-03,random,0.6899634107334369,64,0.023323404931435476,0.19768656904932078,0.16659981529006637,0.01721108717945712,0.5951791235497202
confirmation,2017-07-03,min_variance,0.14008086627367586,1,0.6349829830821823,0.19492811461076773,0.0,0.17008890230704998,0.0
confirmation,2017-07-03,equal_weight,0.0,1,0.2,0.2,0.2,0.2,0.2
confirmation,2017-08-01,localized,0.0,64,0.00017575768721273788,0.0001354877304455864,0.9663477798654302,1.6416926303994934e-06,0.03333933302428109
confirmation,2017-08-01,all_gene,0.17724975264347648,64,0.41762480915101546,0.5497104180248357,0.0007980819855232774,0.028813015401285343,0.0030536754373403185
confirmation,2017-08-01,random,0.18847863751981225,64,0.005903230492866576,0.043167790929821634,0.3202201641105575,0.05206937587877827,0.5786394385879761
confirmation,2017-08-01,min_variance,0.05881707712428189,1,0.5782886938158275,0.2259621967769159,0.02778299495813379,0.16796611444912293,0.0
confirmation,2017-08-01,equal_weight,0.0,1,0.2,0.2,0.2,0.2,0.2
confirmation,2017-09-01,localized,0.0,64,0.00017575768721273788,0.0001354877304455864,0.9663477798654302,1.6416926303994934e-06,0.03333933302428109
confirmation,2017-09-01,all_gene,0.2194677432457974,64,0.19859643531029125,0.7651751614478207,0.001063549074348974,0.03255054813527192,0.002614306032267024
confirmation,2017-09-01,random,0.0,64,0.005903230492866576,0.043167790929821634,0.3202201641105575,0.05206937587877827,0.5786394385879761
confirmation,2017-09-01,min_variance,0.03367425472740936,1,0.59532582778313,0.24259931753702269,0.0,0.16207485467984734,4.0795875231581915e-18
confirmation,2017-09-01,equal_weight,0.0,1,0.2,0.2,0.2,0.2,0.2
confirmation,2017-10-02,localized,0.0001726402480874888,64,3.117439125249066e-06,0.0003081279785330752,0.9663477798654302,1.6416926303994934e-06,0.03333933302428109
confirmation,2017-10-02,all_gene,0.15331078017054658,64,0.05402785837914041,0.9184859416183674,0.001035716884844065,0.02496472669214276,0.0014857564255053779
confirmation,2017-10-02,random,0.0,64,0.005903230492866576,0.043167790929821634,0.3202201641105575,0.05206937587877827,0.5786394385879761
confirmation,2017-10-02,min_variance,0.04806911166391083,1,0.5485764973374408,0.2906684292009335,2.639782084794216e-17,0.1607550734616257,0.0
confirmation,2017-10-02,equal_weight,0.0,1,0.2,0.2,0.2,0.2,0.2
confirmation,2017-11-01,localized,0.0002985324040391447,64,3.117439125249066e-06,9.595574493930501e-06,0.9663477798654302,0.00030017409666954417,0.03333933302428109
confirmation,2017-11-01,all_gene,0.03406441258429704,64,0.0254472430510457,0.9130115142810519,0.0015934363206612527,0.05847141984062245,0.0014763865066184025
confirmation,2017-11-01,random,0.0,64,0.005903230492866576,0.043167790929821634,0.3202201641105575,0.05206937587877827,0.5786394385879761
confirmation,2017-11-01,min_variance,0.020161963389318183,1,0.5284145339481225,0.30242358659970925,3.427795259624071e-17,0.169161879452168,0.0
confirmation,2017-11-01,equal_weight,0.0,1,0.2,0.2,0.2,0.2,0.2
confirmation,2017-12-01,localized,9.416321520985059e-06,64,1.2533760646234125e-05,1.792529729454423e-07,0.9663477798654302,0.00030017409666954417,0.03333933302428109
confirmation,2017-12-01,all_gene,0.09259377592254657,64,0.042607824820568886,0.8204177383585055,0.0015991158925080648,0.13361537843741367,0.0017599424910039782
confirmation,2017-12-01,random,0.5570847032503512,64,0.04247580983568936,0.03521716380763654,0.7873034313457494,0.10549823255111457,0.029505362459809916
confirmation,2017-12-01,min_variance,0.12707814327003386,1,0.4013363906780888,0.3643014882036734,0.0,0.2343621211182378,0.0
confirmation,2017-12-01,equal_weight,0.0,1,0.2,0.2,0.2,0.2,0.2
confirmation,2018-01-02,localized,5.363452591790904e-06,64,7.1703080544432206e-06,1.792529729454423e-07,0.9663477798654302,0.0003055375492613351,0.03333933302428109
confirmation,2018-01-02,all_gene,0.255852306877982,64,0.06567956808447985,0.5648449239970723,0.0013196233759591514,0.36560799633707214,0.002547888205416389
confirmation,2018-01-02,random,0.0,64,0.04247580983568936,0.03521716380763654,0.7873034313457494,0.10549823255111457,0.029505362459809916
confirmation,2018-01-02,min_variance,0.038312941821403323,1,0.4393896767368007,0.35309495069701585,0.00025965576269143704,0.20725571680349206,3.263670018526554e-17
confirmation,2018-01-02,equal_weight,0.0,1,0.2,0.2,0.2,0.2,0.2
confirmation,2018-02-01,localized,0.0,64,7.1703080544432206e-06,1.792529729454423e-07,0.9663477798654302,0.0003055375492613351,0.03333933302428109
confirmation,2018-02-01,all_gene,0.22417046155805367,64,0.08059418984814024,0.34111931364032444,0.001404613871112179,0.5747788456363125,0.0021030370041107047
confirmation,2018-02-01,random,0.0691900802119225,64,0.014355033588282867,0.020929791533469272,0.7605214996554007,0.12429059536322927,0.07990307985961773
confirmation,2018-02-01,min_variance,0.044055218262595744,1,0.4470565589694643,0.38948328672694804,1.0034750075914701e-17,0.16346015430358782,0.0
confirmation,2018-02-01,equal_weight,0.0,1,0.2,0.2,0.2,0.2,0.2
confirmation,2018-03-01,localized,0.0,64,7.1703080544432206e-06,1.792529729454423e-07,0.9663477798654302,0.0003055375492613351,0.03333933302428109
confirmation,2018-03-01,all_gene,0.18966761238808394,64,0.10096633139253236,0.15244952357605848,0.0006074639083098714,0.7440743164800043,0.0019023646430949602
confirmation,2018-03-01,random,0.0,64,0.014355033588282867,0.020929791533469272,0.7605214996554007,0.12429059536322927,0.07990307985961773
confirmation,2018-03-01,min_variance,0.16175762046748426,1,0.6088141794369484,0.30019348861652423,3.899988725963342e-17,0.09099233194652728,0.0
confirmation,2018-03-01,equal_weight,0.0,1,0.2,0.2,0.2,0.2,0.2
confirmation,2018-04-02,localized,4.5243187873478236e-08,64,7.215551242316699e-06,1.3400978507196406e-07,0.9663477798654302,0.0003055375492613351,0.03333933302428109
confirmation,2018-04-02,all_gene,0.17004709139065557,64,0.23915172234624218,0.1828942566315136,0.0009395002930891108,0.5740272250893488,0.0029872956398063525
confirmation,2018-04-02,random,0.18042804500672582,64,0.10286649224251702,0.010171298634849285,0.6892689914342717,0.025873551476252542,0.17181966621210948
confirmation,2018-04-02,min_variance,0.08595873673883037,1,0.5661778705034205,0.38615222535535465,0.0,0.04766990414122488,1.25525769943329e-17
confirmation,2018-04-02,equal_weight,0.0,1,0.2,0.2,0.2,0.2,0.2
confirmation,2018-05-01,localized,6.3029629202051825e-06,64,9.125883221115163e-07,1.3400978507196406e-07,0.9663477798654302,0.00031184051218154026,0.03333933302428109
confirmation,2018-05-01,all_gene,0.15016591431211837,64,0.24137473193300582,0.3308371613568682,0.0008719587621498688,0.42443995138299945,0.0024761965649764393
confirmation,2018-05-01,random,0.6654641365766644,64,0.06419697424332109,0.05831393633701532,0.062474372856803156,0.037949108909175334,0.7770656076536849
confirmation,2018-05-01,min_variance,0.11550608083382922,1,0.4617109152770116,0.501658306189184,0.0,0.03663077853380467,4.498333613241292e-17
confirmation,2018-05-01,equal_weight,0.0,1,0.2,0.2,0.2,0.2,0.2
confirmation,2018-06-01,localized,0.0,64,9.125883221115163e-07,1.3400978507196406e-07,0.9663477798654302,0.00031184051218154026,0.03333933302428109
confirmation,2018-06-01,all_gene,0.1386148855085279,64,0.11830211357723752,0.4692396451409852,0.0008665466670628653,0.40890309632532695,0.0026885982893874168
confirmation,2018-06-01,random,0.0,64,0.06419697424332109,0.05831393633701532,0.062474372856803156,0.037949108909175334,0.7770656076536849
confirmation,2018-06-01,min_variance,0.010300070521977853,1,0.47201098579898937,0.49689055918466946,0.0,0.031098455016341287,0.0
confirmation,2018-06-01,equal_weight,0.0,1,0.2,0.2,0.2,0.2,0.2
confirmation,2018-07-02,localized,0.00030538694502886646,64,0.00030629953335097797,1.3400978507196406e-07,0.9663477798654302,6.4535671526737975e-06,0.03333933302428109
confirmation,2018-07-02,all_gene,0.16300232182185406,64,0.1531188441506332,0.5970605575535181,0.000892304348440093,0.24590077450347292,0.003027519443935746
confirmation,2018-07-02,random,0.7992099508154079,64,0.08021283256170013,0.03565525847005483,0.845668465353832,0.03625349177709748,0.00220995183731547
confirmation,2018-07-02,min_variance,0.022564368863648834,1,0.4896826708533581,0.5017832429939495,2.2740004726834888e-18,0.008534086152692386,0.0
confirmation,2018-07-02,equal_weight,0.0,1,0.2,0.2,0.2,0.2,0.2
confirmation,2018-08-01,localized,3.154820005593379e-06,64,0.00030945435335657135,1.3400978507196406e-07,0.9663477798654302,3.2987471470804185e-06,0.03333933302428109
confirmation,2018-08-01,all_gene,0.09485338939033673,64,0.23090179567331767,0.5022071681631813,0.0023162597354317027,0.2580845266817053,0.006490249746364043
confirmation,2018-08-01,random,0.0,64,0.08021283256170013,0.03565525847005483,0.845668465353832,0.03625349177709748,0.00220995183731547
confirmation,2018-08-01,min_variance,0.05990006578465615,1,0.5495827366380144,0.4504172633619859,2.348904696526449e-17,0.0,0.0
confirmation,2018-08-01,equal_weight,0.0,1,0.2,0.2,0.2,0.2,0.2
confirmation,2018-09-04,localized,0.0,64,0.00030945435335657135,1.3400978507196406e-07,0.9663477798654302,3.2987471470804185e-06,0.03333933302428109
confirmation,2018-09-04,all_gene,0.32136455195377245,64,0.55226634762709,0.21091901898814316,0.0015004369781830456,0.23020870105379843,0.005105495352785243
confirmation,2018-09-04,random,0.0,64,0.08021283256170013,0.03565525847005483,0.845668465353832,0.03625349177709748,0.00220995183731547
confirmation,2018-09-04,min_variance,0.03979841528050837,1,0.5824950580121162,0.4106188480814774,0.0,0.006886093906406347,5.3795380594095037e-17
confirmation,2018-09-04,equal_weight,0.0,1,0.2,0.2,0.2,0.2,0.2
confirmation,2018-10-01,localized,0.0,64,0.00030945435335657135,1.3400978507196406e-07,0.9663477798654302,3.2987471470804185e-06,0.03333933302428109
confirmation,2018-10-01,all_gene,0.17342110010864786,64,0.7256874477357379,0.07929686479060247,0.000907811538529614,0.19185667873926984,0.0022511971958600655
confirmation,2018-10-01,random,0.0,64,0.08021283256170013,0.03565525847005483,0.845668465353832,0.03625349177709748,0.00220995183731547
confirmation,2018-10-01,min_variance,0.007913787110326313,1,0.5752854076750926,0.4185326351918037,0.0,0.006181957133103622,5.164417605908839e-17
confirmation,2018-10-01,equal_weight,0.0,1,0.2,0.2,0.2,0.2,0.2
confirmation,2018-11-01,localized,0.0,64,0.00030945435335657135,1.3400978507196406e-07,0.9663477798654302,3.2987471470804185e-06,0.03333933302428109
confirmation,2018-11-01,all_gene,0.14993996417582922,64,0.8750616906345422,0.0261751752176503,0.00048641954364739097,0.09545979613127505,0.002816918472885019
confirmation,2018-11-01,random,0.7326050872074823,64,0.6201966854066324,0.0007033420274610764,0.14801529458894352,0.08628076079395991,0.14480391718300312
confirmation,2018-11-01,min_variance,0.04233753323165854,1,0.5391298315765378,0.4608701684234623,3.9787543540248085e-17,0.0,0.0
confirmation,2018-11-01,equal_weight,0.0,1,0.2,0.2,0.2,0.2,0.2
confirmation,2018-12-03,localized,0.9139160941486043,64,0.9142255485019609,1.3400978507196406e-07,0.05243168571682588,3.2987471470804185e-06,0.03333933302428109
confirmation,2018-12-03,all_gene,0.1317707729159436,64,0.7432909177185987,0.03268241060079208,0.0006544386806211677,0.21952083552471602,0.003851397475272184
confirmation,2018-12-03,random,0.7888571479734039,64,0.02872880980314405,0.03914865197188641,0.04045928757797713,0.8366925988229384,0.054970651824054015
confirmation,2018-12-03,min_variance,0.024485977988811657,1,0.5146438535877262,0.48535614641227376,0.0,1.5730564112111885e-16,5.899711187336463e-17
confirmation,2018-12-03,equal_weight,0.0,1,0.2,0.2,0.2,0.2,0.2
confirmation,2019-01-02,localized,0.8775535838687938,64,0.03667196463316713,1.3400978507196406e-07,0.9299852695856197,3.2987471470804185e-06,0.03333933302428109
confirmation,2019-01-02,all_gene,0.27468339512058204,64,0.46875328424647356,0.0695375228235181,0.0005086770321641258,0.45516946678057957,0.006031049117264483
confirmation,2019-01-02,random,0.0,64,0.02872880980314405,0.03914865197188641,0.04045928757797713,0.8366925988229384,0.054970651824054015
confirmation,2019-01-02,min_variance,0.05538432819307657,1,0.45925952539464976,0.5407404746053501,0.0,9.205027936827974e-17,2.836882400719235e-16
confirmation,2019-01-02,equal_weight,0.0,1,0.2,0.2,0.2,0.2,0.2
confirmation,2019-02-01,localized,0.032773989374453395,64,0.03667196463316713,0.03277412338423847,0.9299852695856197,3.2987471470804185e-06,0.0005653436498276945
confirmation,2019-02-01,all_gene,0.17424243917144613,64,0.31706965019162975,0.048367502573294856,0.0005208333135668062,0.6293997496706231,0.00464226425088549
confirmation,2019-02-01,random,0.0,64,0.02872880980314405,0.03914865197188641,0.04045928757797713,0.8366925988229384,0.054970651824054015
confirmation,2019-02-01,min_variance,0.014542040970303758,1,0.4738015663649536,0.5261984336350468,5.584970402283022e-18,0.0,0.0
confirmation,2019-02-01,equal_weight,0.0,1,0.2,0.2,0.2,0.2,0.2
confirmation,2019-03-01,localized,0.00682136956075774,64,0.03667196463316713,0.03959549294499621,0.9231639000248619,3.2987471470804185e-06,0.0005653436498276945
confirmation,2019-03-01,all_gene,0.19118475828832074,64,0.15028553545159404,0.025075333987083063,0.0003558383396316658,0.8205845079589438,0.0036987842627473986
confirmation,2019-03-01,random,0.0,64,0.02872880980314405,0.03914865197188641,0.04045928757797713,0.8366925988229384,0.054970651824054015
confirmation,2019-03-01,min_variance,0.029645158951937593,1,0.44415640741301604,0.5558435925869842,2.3402810461601868e-16,0.0,0.0
confirmation,2019-03-01,equal_weight,0.0,1,0.2,0.2,0.2,0.2,0.2
confirmation,2019-04-01,localized,0.03951886546195921,64,0.07619083009512634,7.662748303700201e-05,0.9231639000248619,3.2987471470804185e-06,0.0005653436498276945
confirmation,2019-04-01,all_gene,0.10630825076132687,64,0.06070292227433594,0.010087962963742885,0.00029012032993845085,0.9268927587202707,0.0020262357117120477
confirmation,2019-04-01,random,0.0,64,0.02872880980314405,0.03914865197188641,0.04045928757797713,0.8366925988229384,0.054970651824054015
confirmation,2019-04-01,min_variance,0.09403024575646338,1,0.3834228449071151,0.5225469093364217,7.632783294297951e-17,0.02816847210267571,0.06586177365378737
confirmation,2019-04-01,equal_weight,0.0,1,0.2,0.2,0.2,0.2,0.2
confirmation,2019-05-01,localized,0.0,64,0.07619083009512634,7.662748303700201e-05,0.9231639000248619,3.2987471470804185e-06,0.0005653436498276945
confirmation,2019-05-01,all_gene,0.09768855568795962,64,0.14803630626818345,0.020443134657854974,0.0002878711026854084,0.8293554854646528,0.001877202506623366
confirmation,2019-05-01,random,0.8582231163749754,64,0.3859986460007868,0.0747823309100268,0.5057788888171693,0.01822615246860136,0.015213981803415558
confirmation,2019-05-01,min_variance,0.07081143928587087,1,0.43069939283799147,0.5175972437043382,0.0,0.0517033634576702,0.0
confirmation,2019-05-01,equal_weight,0.0,1,0.2,0.2,0.2,0.2,0.2
confirmation,2019-06-03,localized,7.651902754062895e-05,64,0.07619083009512634,1.084554963730615e-07,0.9231639000248619,7.981777468770937e-05,0.0005653436498276945
confirmation,2019-06-03,all_gene,0.3053255586084627,64,0.44510652518498817,0.02672817330490844,0.00015917075077994476,0.5241586272080955,0.0038475035512279014
confirmation,2019-06-03,random,0.45354757230232523,64,0.6956644054138994,0.0034658453858113594,0.12354780203905952,0.12713134449691096,0.05019060266431872
confirmation,2019-06-03,min_variance,0.03558804445723668,1,0.3951113483807549,0.5231008908432918,0.0,0.08178776077595337,6.145146986332082e-17
confirmation,2019-06-03,equal_weight,0.0,1,0.2,0.2,0.2,0.2,0.2
confirmation,2019-07-01,localized,8.950913457837772e-05,64,0.07628033922970472,1.084554963730615e-07,0.9231639000248619,7.981777468770937e-05,0.0004758345152493168
confirmation,2019-07-01,all_gene,0.2705338970633066,64,0.18203673466676254,0.020509281227564326,8.968972337687361e-05,0.794692524271402,0.0026717701108940946
confirmation,2019-07-01,random,0.5928590394424601,64,0.10280536597143936,0.029315163417188258,0.629657618723604,0.15472091445809932,0.08350093742966914
confirmation,2019-07-01,min_variance,0.010579550367057228,1,0.40568506907286794,0.5125213404762347,0.0,0.08179359045089757,0.0
confirmation,2019-07-01,equal_weight,0.0,1,0.2,0.2,0.2,0.2,0.2
confirmation,2019-08-01,localized,7.384259400652489e-05,64,0.07628033922970472,1.084554963730615e-07,0.9231639000248619,5.975180681184488e-06,0.0005496771092558417
confirmation,2019-08-01,all_gene,0.1968684745524122,64,0.3656405896290711,0.03167561051608568,0.00029985559007520085,0.5978240497189898,0.004559894545778066
confirmation,2019-08-01,random,0.0,64,0.10280536597143936,0.029315163417188258,0.629657618723604,0.15472091445809932,0.08350093742966914
confirmation,2019-08-01,min_variance,0.04153594821630535,1,0.3641491208565626,0.5243069646267159,0.0,0.11154391451672162,7.092206001798088e-17
confirmation,2019-08-01,equal_weight,0.0,1,0.2,0.2,0.2,0.2,0.2
confirmation,2019-09-03,localized,0.0,64,0.07628033922970472,1.084554963730615e-07,0.9231639000248619,5.975180681184488e-06,0.0005496771092558417
confirmation,2019-09-03,all_gene,0.2482645581777472,64,0.6092035373684144,0.02289631126237275,0.00017815865281729768,0.35846048773221356,0.009261504984182118
confirmation,2019-09-03,random,0.4634501722893274,64,0.5662555382607667,0.019989236128062214,0.2728246620145626,0.08258077193647673,0.05834979166013182
confirmation,2019-09-03,min_variance,0.006618818452526871,1,0.3582464331507949,0.5235908338799566,0.0,0.1181627329692484,3.7649371247891444e-17
confirmation,2019-09-03,equal_weight,0.0,1,0.2,0.2,0.2,0.2,0.2
confirmation,2019-10-01,localized,5.7469411826649485e-06,64,0.07628033922970472,1.084554963730615e-07,0.9231639000248619,2.2823949851953922e-07,0.0005554240504385067
confirmation,2019-10-01,all_gene,0.23863427093069978,64,0.8478378082991141,0.008703283196613353,0.00011125686690579661,0.13677658135365708,0.006571070283709769
confirmation,2019-10-01,random,0.31211213454621983,64,0.33981336692334363,0.01556247905867261,0.5603999361130683,0.0013375657970695258,0.082886652107846
confirmation,2019-10-01,min_variance,0.008964871826096434,1,0.34928156132469856,0.5261788732607818,1.3962036983755384e-18,0.12453956541451969,7.986577112644307e-17
confirmation,2019-10-01,equal_weight,0.0,1,0.2,0.2,0.2,0.2,0.2
confirmation,2019-11-01,localized,2.2790408023504704e-07,64,0.07628033922970472,3.3635957660810854e-07,0.9231639000248619,3.354182844921787e-10,0.0005554240504385067
confirmation,2019-11-01,all_gene,0.08069289711063098,64,0.9266308041543713,0.007880063837893444,0.00010493086936509493,0.05691322959928657,0.008470971539083473
confirmation,2019-11-01,random,0.24646411298259807,64,0.11170156223883972,0.08189188617069672,0.7088194123781247,0.03305279540258701,0.06453434380975188
confirmation,2019-11-01,min_variance,0.06511102117191743,1,0.3863248987395427,0.46106785208886436,0.0,0.15260724917159293,5.930256656311571e-17
confirmation,2019-11-01,equal_weight,0.0,1,0.2,0.2,0.2,0.2,0.2
confirmation,2019-12-02,localized,0.0,64,0.07628033922970472,3.3635957660810854e-07,0.9231639000248619,3.354182844921787e-10,0.0005554240504385067
confirmation,2019-12-02,all_gene,0.044235275049588206,64,0.9708660792039595,0.002848605802415295,7.872954769774277e-05,0.020588363356424933,0.005618222089502435
confirmation,2019-12-02,random,0.0,64,0.11170156223883972,0.08189188617069672,0.7088194123781247,0.03305279540258701,0.06453434380975188
confirmation,2019-12-02,min_variance,0.047917555245079485,1,0.4238168023851091,0.4131502968437849,7.259820167187348e-18,0.1630329007711059,1.5171673481633807e-16
confirmation,2019-12-02,equal_weight,0.0,1,0.2,0.2,0.2,0.2,0.2
confirmation,2020-01-02,localized,0.0,64,0.07628033922970472,3.3635957660810854e-07,0.9231639000248619,3.354182844921787e-10,0.0005554240504385067
confirmation,2020-01-02,all_gene,0.01485198496529308,64,0.9818207389776108,0.0010100309849644426,6.390725812471954e-05,0.00758977549815587,0.00951554728114437
confirmation,2020-01-02,random,0.12163198950471335,64,0.17908054931508915,0.032026796406780335,0.6677474986256207,0.0023578094142940346,0.11878734623821571
confirmation,2020-01-02,min_variance,0.13507727772830008,1,0.5588940801134092,0.27966562690260377,0.0,0.1614402929839871,1.4113289383517253e-17
confirmation,2020-01-02,equal_weight,0.0,1,0.2,0.2,0.2,0.2,0.2
confirmation,2020-02-03,localized,0.0,64,0.07628033922970472,3.3635957660810854e-07,0.9231639000248619,3.354182844921787e-10,0.0005554240504385067
confirmation,2020-02-03,all_gene,0.006884463999827655,64,0.9887052029774382,0.0005671494129861608,2.586432589158313e-05,0.003309706502979774,0.007392076780704022
confirmation,2020-02-03,random,0.0,64,0.17908054931508915,0.032026796406780335,0.6677474986256207,0.0023578094142940346,0.11878734623821571
confirmation,2020-02-03,min_variance,0.03832672187142849,1,0.5534032915807704,0.24682969356381412,0.0,0.19976701485541556,4.7283088256875393e-17
confirmation,2020-02-03,equal_weight,0.0,1,0.2,0.2,0.2,0.2,0.2
confirmation,2020-03-02,localized,0.0,64,0.07628033922970472,3.3635957660810854e-07,0.9231639000248619,3.354182844921787e-10,0.0005554240504385067
confirmation,2020-03-02,all_gene,0.0059736493749126506,64,0.9946714123635634,0.0002873939790197322,3.330431467920021e-05,0.0022160376643626657,0.0027918516783750082
confirmation,2020-03-02,random,0.06358026573650438,64,0.18828108435304647,0.033760944400211955,0.6892880288425125,0.03346286190251773,0.055207080501711414
confirmation,2020-03-02,min_variance,0.07401859039942761,1,0.5575432068841875,0.17281110316438653,1.11165147227953e-16,0.26964568995142596,0.0
confirmation,2020-03-02,equal_weight,0.0,1,0.2,0.2,0.2,0.2,0.2
confirmation,2020-04-01,localized,0.0,64,0.07628033922970472,3.3635957660810854e-07,0.9231639000248619,3.354182844921787e-10,0.0005554240504385067
confirmation,2020-04-01,all_gene,0.002776100289545281,64,0.9974475126531086,0.00012364294507427945,2.016628504208806e-05,0.0014214076992370474,0.0009872704175378534
confirmation,2020-04-01,random,0.07179735045089898,64,0.14858128748105762,0.0016633908213018129,0.7064148016345703,0.059657791533632286,0.08368272852943806
confirmation,2020-04-01,min_variance,0.1823678281965894,1,0.547986481851985,0.0,0.0,0.4520135181480156,0.0
confirmation,2020-04-01,equal_weight,0.0,1,0.2,0.2,0.2,0.2,0.2
confirmation,2020-05-01,localized,0.0,64,0.07628033922970472,3.3635957660810854e-07,0.9231639000248619,3.354182844921787e-10,0.0005554240504385067
confirmation,2020-05-01,all_gene,0.0012668189553884635,64,0.9966050002443719,0.0001296114314890883,1.8443349923463906e-05,0.0026822581682106974,0.0005646868060046828
confirmation,2020-05-01,random,0.5452259902315284,64,0.2757847216842348,0.08912271060303496,0.21452408324192426,0.3902210277802503,0.03034745669055561
confirmation,2020-05-01,min_variance,0.012146179651674931,1,0.5601326615036591,2.0704926454420834e-16,2.390040175543815e-16,0.4398673384963404,2.9498555936682315e-17
confirmation,2020-05-01,equal_weight,0.0,1,0.2,0.2,0.2,0.2,0.2
confirmation,2020-06-01,localized,0.07543519864745368,64,0.0008451405822510333,3.3635957660810854e-07,0.9231639000248619,0.07543519898287197,0.0005554240504385067
confirmation,2020-06-01,all_gene,0.004782103925356024,64,0.9918228963190159,0.00022813534354775909,3.1137127684828494e-05,0.00726731809027769,0.0006505131194736508
confirmation,2020-06-01,random,0.43155463425736607,64,0.009614696512219257,0.01319331514970374,0.1250688696099049,0.8001703977409945,0.05195272098717743
confirmation,2020-06-01,min_variance,0.028613857442285742,1,0.5315188040613735,5.366366363418415e-17,2.7663633465310095e-16,0.46848119593862597,1.4263074586644826e-16
confirmation,2020-06-01,equal_weight,0.0,1,0.2,0.2,0.2,0.2,0.2
confirmation,2020-07-01,localized,0.0,64,0.0008451405822510333,3.3635957660810854e-07,0.9231639000248619,0.07543519898287197,0.0005554240504385067
confirmation,2020-07-01,all_gene,0.0059871287626592495,64,0.9861838261659707,0.00024151273235521723,6.420819722643281e-05,0.013207998394587951,0.00030245450985968584
confirmation,2020-07-01,random,0.6733821292335128,64,0.09960900988278816,0.005517552917143481,0.6276228368782979,0.13446403074004196,0.13278656958172852
confirmation,2020-07-01,min_variance,0.01975050549478301,1,0.5512693095561566,3.756822451612199e-17,0.0,0.4487306904438434,6.354324116625667e-17
confirmation,2020-07-01,equal_weight,0.0,1,0.2,0.2,0.2,0.2,0.2
confirmation,2020-08-03,localized,0.0024728819899130228,64,0.003318022572164056,3.3635957660810854e-07,0.9206910180349489,0.07543519898287197,0.0005554240504385067
confirmation,2020-08-03,all_gene,0.007030508707518332,64,0.993214334873489,0.00012075349767787728,3.384842103224518e-05,0.006525969834927436,0.00010509337287337799
confirmation,2020-08-03,random,0.35786656899541697,64,0.138919669363884,0.014797738479920025,0.3595455592880896,0.44373975469158655,0.0429972781765199
confirmation,2020-08-03,min_variance,0.034930331556982275,1,0.5163389779991745,1.8776170695711456e-16,0.0,0.4836610220008256,0.0
confirmation,2020-08-03,equal_weight,0.0,1,0.2,0.2,0.2,0.2,0.2
confirmation,2020-09-01,localized,0.0,64,0.003318022572164056,3.3635957660810854e-07,0.9206910180349489,0.07543519898287197,0.0005554240504385067
confirmation,2020-09-01,all_gene,0.0047005227546124025,64,0.9979110066373176,7.582340788344281e-05,3.769941181598813e-05,0.0019297920889613243,4.567845402145894e-05
confirmation,2020-09-01,random,0.382663125568589,64,0.15138425005123765,0.08215413274217201,0.662387709907073,0.0961316489753043,0.007942258324213063
confirmation,2020-09-01,min_variance,0.0009529299336412495,1,0.5172919079328158,0.0,0.0,0.48270809206718457,0.0
confirmation,2020-09-01,equal_weight,0.0,1,0.2,0.2,0.2,0.2,0.2
confirmation,2020-10-01,localized,0.0,64,0.003318022572164056,3.3635957660810854e-07,0.9206910180349489,0.07543519898287197,0.0005554240504385067
confirmation,2020-10-01,all_gene,0.0013055268631028448,64,0.9992165335004206,2.9080005512950024e-05,2.3231287980630392e-05,0.0007013719497758035,2.9783256310175093e-05
confirmation,2020-10-01,random,0.21831038907632708,64,0.19337274186419826,0.008761081253216165,0.5174703723197017,0.22537917590664835,0.05501662865623547
confirmation,2020-10-01,min_variance,0.057214908203507435,1,0.46007699972930816,1.3844182889826542e-16,6.938893903907228e-17,0.5399230002706916,0.0
confirmation,2020-10-01,equal_weight,0.0,1,0.2,0.2,0.2,0.2,0.2
confirmation,2020-11-02,localized,0.0,64,0.003318022572164056,3.3635957660810854e-07,0.9206910180349489,0.07543519898287197,0.0005554240504385067
confirmation,2020-11-02,all_gene,0.00047385621861081677,64,0.9996903897190315,6.6338096404829775e-06,5.182152393976311e-06,0.00028948789410338134,8.306424830931269e-06
confirmation,2020-11-02,random,0.3500647341727378,64,0.013912983429787614,0.005359612639460468,0.8675351064924396,0.0892730977146995,0.02391919972361287
confirmation,2020-11-02,min_variance,0.033816461531295465,1,0.42626053819801313,0.0,0.0,0.5737394618019872,1.129731929489961e-16
confirmation,2020-11-02,equal_weight,0.0,1,0.2,0.2,0.2,0.2,0.2
confirmation,2020-12-01,localized,0.0,64,0.003318022572164056,3.3635957660810854e-07,0.9206910180349489,0.07543519898287197,0.0005554240504385067
confirmation,2020-12-01,all_gene,0.00021652753435373029,64,0.9999069172533852,1.6943131761342799e-06,2.6991002752557217e-06,8.64462030367598e-05,2.2431301269113587e-06
confirmation,2020-12-01,random,0.0,64,0.013912983429787614,0.005359612639460468,0.8675351064924396,0.0892730977146995,0.02391919972361287
confirmation,2020-12-01,min_variance,0.003104591368065181,1,0.429365129566078,0.0,2.2422258100635065e-16,0.570634870433922,0.0
confirmation,2020-12-01,equal_weight,0.0,1,0.2,0.2,0.2,0.2,0.2
confirmation,2021-01-04,localized,0.0,64,0.003318022572164056,3.3635957660810854e-07,0.9206910180349489,0.07543519898287197,0.0005554240504385067
confirmation,2021-01-04,all_gene,5.751674070174401e-05,64,0.9999644339940869,1.2021851516114641e-06,1.7731843525706188e-06,3.0878040760751956e-05,1.712595648285461e-06
confirmation,2021-01-04,random,0.5564063494595118,64,0.5478621759719885,0.0014279859702924546,0.3413025349435283,0.06303094647326697,0.04637635664092384
confirmation,2021-01-04,min_variance,0.00034653496509598963,1,0.4290185946009821,2.482128202716462e-16,6.928921891314734e-17,0.5709814053990176,5.0678939515406165e-17
confirmation,2021-01-04,equal_weight,0.0,1,0.2,0.2,0.2,0.2,0.2
confirmation,2021-02-01,localized,0.0,64,0.003318022572164056,3.3635957660810854e-07,0.9206910180349489,0.07543519898287197,0.0005554240504385067
confirmation,2021-02-01,all_gene,2.1297024247948396e-05,64,0.9999857310183348,4.911190836731782e-07,8.11570495601949e-07,1.1837858354886963e-05,1.128433731073303e-06
confirmation,2021-02-01,random,0.0,64,0.5478621759719885,0.0014279859702924546,0.3413025349435283,0.06303094647326697,0.04637635664092384
confirmation,2021-02-01,min_variance,0.004811242983920989,1,0.42420735161706136,5.4353284922719055e-18,2.6647194749848195e-16,0.5757926483829384,0.0
confirmation,2021-02-01,equal_weight,0.0,1,0.2,0.2,0.2,0.2,0.2
confirmation,2021-03-01,localized,0.1747153211879673,64,0.17803334376013136,3.3635957660810854e-07,0.7459756968469816,0.07543519898287197,0.0005554240504385067
confirmation,2021-03-01,all_gene,8.441889142005348e-06,64,0.9999941729074767,2.6742025218244154e-07,6.86549515223741e-07,4.252148801817029e-06,6.209739539539183e-07
confirmation,2021-03-01,random,0.43245063450766685,64,0.18236143672674823,0.037329758565195784,0.7378513968562918,0.03674086837195251,0.00571653947981175
confirmation,2021-03-01,min_variance,0.006249889942290535,1,0.41795746167477116,0.0,0.0,0.582042538325229,1.4427103808375582e-17
confirmation,2021-03-01,equal_weight,0.0,1,0.2,0.2,0.2,0.2,0.2
confirmation,2021-04-01,localized,0.7429486628626757,64,0.920982006622807,3.3635957660810854e-07,0.003027033984305927,0.07543519898287197,0.0005554240504385067
confirmation,2021-04-01,all_gene,4.0765775519739876e-06,64,0.9999982494850289,1.3193001381876027e-07,2.312325012556369e-07,1.0523700140143402e-06,3.349824423326779e-07
confirmation,2021-04-01,random,0.4314016043565858,64,0.3866289349893375,0.03187198744642005,0.3417795349288398,0.006868897061594395,0.23285064557380833
confirmation,2021-04-01,min_variance,0.05854948482882143,1,0.43509939644493745,0.04140755005865496,1.0954274268084396e-16,0.5234930534964075,1.066551057762935e-17
confirmation,2021-04-01,equal_weight,0.0,1,0.2,0.2,0.2,0.2,0.2
confirmation,2021-05-03,localized,0.0,64,0.920982006622807,3.3635957660810854e-07,0.003027033984305927,0.07543519898287197,0.0005554240504385067
confirmation,2021-05-03,all_gene,1.0521081965763658e-06,64,0.9999993015932253,1.0449578382347792e-07,9.224459716283307e-08,3.119012996745274e-07,1.8976509395000624e-07
confirmation,2021-05-03,random,0.0,64,0.3866289349893375,0.03187198744642005,0.3417795349288398,0.006868897061594395,0.23285064557380833
confirmation,2021-05-03,min_variance,0.12392457026299171,1,0.3111748261819458,0.1352318798570339,4.0966437554328725e-17,0.5535932939610203,1.3346919757255528e-17
confirmation,2021-05-03,equal_weight,0.0,1,0.2,0.2,0.2,0.2,0.2
confirmation,2021-06-01,localized,0.07534582152761465,64,0.920982006622807,3.3635957660810854e-07,0.07837285551192058,8.937745525731955e-05,0.0005554240504385067
confirmation,2021-06-01,all_gene,1.8187246330096374e-07,64,0.9999994004154313,1.3342129469287843e-07,7.51797205088858e-08,1.470937130971532e-07,2.438898403662864e-07
confirmation,2021-06-01,random,0.6064301425249103,64,0.07290447845011323,0.002088490117968771,0.07885734627160497,0.06401706613650913,0.7821326190238038
confirmation,2021-06-01,min_variance,0.056381769541194116,1,0.2749771641363767,0.191613649398228,0.0,0.5334091864653954,2.7615669387532377e-17
confirmation,2021-06-01,equal_weight,0.0,1,0.2,0.2,0.2,0.2,0.2
confirmation,2021-07-01,localized,0.0,64,0.920982006622807,3.3635957660810854e-07,0.07837285551192058,8.937745525731955e-05,0.0005554240504385067
confirmation,2021-07-01,all_gene,9.311758239440489e-07,64,0.9999984692396073,2.0038022310277367e-07,1.5111269680524073e-07,2.9998746401840104e-07,8.792800086230702e-07
confirmation,2021-07-01,random,0.0,64,0.07290447845011323,0.002088490117968771,0.07885734627160497,0.06401706613650913,0.7821326190238038
confirmation,2021-07-01,min_variance,0.11739964897805322,1,0.21345523207489547,0.30901329837628116,1.3479688316270971e-17,0.4775314695488233,3.977728455940288e-17
confirmation,2021-07-01,equal_weight,0.0,1,0.2,0.2,0.2,0.2,0.2
confirmation,2021-08-02,localized,0.8813701328619352,64,0.03961187376087183,3.3635957660810854e-07,0.07837285551192058,8.937745525731955e-05,0.8819255569123737
confirmation,2021-08-02,all_gene,3.4410139869145884e-06,64,0.9999950282256205,4.6157974567135716e-07,1.7954219918405088e-07,9.10294034408996e-07,3.4203584002541173e-06
confirmation,2021-08-02,random,0.0,64,0.07290447845011323,0.002088490117968771,0.07885734627160497,0.06401706613650913,0.7821326190238038
confirmation,2021-08-02,min_variance,0.011013388880804524,1,0.21757536202200306,0.2979999094954767,0.0,0.4844247284825203,0.0
confirmation,2021-08-02,equal_weight,0.0,1,0.2,0.2,0.2,0.2,0.2
confirmation,2021-09-01,localized,0.06531345267230901,64,0.03961187376087183,3.3635957660810854e-07,0.013059402839611586,8.937745525731955e-05,0.9472390095846828
confirmation,2021-09-01,all_gene,7.780574975608053e-06,64,0.999987247650645,6.449897361313039e-07,2.9229667775406823e-07,1.5122926198964846e-06,1.0302770321428346e-05
confirmation,2021-09-01,random,0.0,64,0.07290447845011323,0.002088490117968771,0.07885734627160497,0.06401706613650913,0.7821326190238038
confirmation,2021-09-01,min_variance,0.01389040121096756,1,0.2314657632329706,0.2854783904015304,0.0,0.48305584636549903,0.0
confirmation,2021-09-01,equal_weight,0.0,1,0.2,0.2,0.2,0.2,0.2
confirmation,2021-10-01,localized,0.0,64,0.03961187376087183,3.3635957660810854e-07,0.013059402839611586,8.937745525731955e-05,0.9472390095846828
confirmation,2021-10-01,all_gene,2.750186800036161e-05,64,0.9999597457826445,7.776103740638349e-07,3.441627805968437e-07,2.4318773965701545e-06,3.670056680421244e-05
confirmation,2021-10-01,random,0.0,64,0.07290447845011323,0.002088490117968771,0.07885734627160497,0.06401706613650913,0.7821326190238038
confirmation,2021-10-01,min_variance,0.06080453145283634,1,0.29227029468580695,0.240616213349074,0.0,0.46711349196511914,4.299257620559018e-17
confirmation,2021-10-01,equal_weight,0.0,1,0.2,0.2,0.2,0.2,0.2
confirmation,2021-11-01,localized,8.745686645986909e-05,64,0.03961187376087183,8.779322603647719e-05,0.013059402839611586,1.9205887974504612e-06,0.9472390095846828
confirmation,2021-11-01,all_gene,4.436252141113143e-05,64,0.9999153832612333,1.913504624033333e-06,9.300046421627095e-07,2.9677385646779356e-06,7.880549093567567e-05
confirmation,2021-11-01,random,0.0,64,0.07290447845011323,0.002088490117968771,0.07885734627160497,0.06401706613650913,0.7821326190238038
confirmation,2021-11-01,min_variance,0.013520378944376209,1,0.30579067363018314,0.23305810738127128,0.0,0.46115121898854566,0.0
confirmation,2021-11-01,equal_weight,0.0,1,0.2,0.2,0.2,0.2,0.2
confirmation,2021-12-01,localized,0.0,64,0.03961187376087183,8.779322603647719e-05,0.013059402839611586,1.9205887974504612e-06,0.9472390095846828
confirmation,2021-12-01,all_gene,0.00013739321287115438,64,0.9997780096971686,2.508494062883871e-06,9.103558358516823e-07,3.1942994678607413e-06,0.00021537715346490452
confirmation,2021-12-01,random,0.6271838824915801,64,0.10231887730671922,0.17346058997953115,0.5052547300450168,0.031291386161024885,0.187674416507708
confirmation,2021-12-01,min_variance,0.029501179776792952,1,0.2762894938533902,0.2386209626436747,0.0,0.4850895435029352,1.4121649118624512e-18
confirmation,2021-12-01,equal_weight,0.0,1,0.2,0.2,0.2,0.2,0.2
confirmation,2022-01-03,localized,0.03847485023120344,64,0.0011370235296683864,0.03856264345723992,0.013059402839611586,1.9205887974504612e-06,0.9472390095846828
confirmation,2022-01-03,all_gene,0.0004472167482343282,64,0.9993307929489341,4.143151553815318e-06,2.541702838813056e-06,5.808303812847319e-06,0.0006567138928602345
confirmation,2022-01-03,random,0.529340402878781,64,0.06199877636556381,0.7028009928583122,0.17087379572271552,0.008699026808676796,0.05562740824473176
confirmation,2022-01-03,min_variance,0.06216380939621067,1,0.2141256844571795,0.26747142718664496,3.722715872761308e-17,0.5184028883561755,0.0
confirmation,2022-01-03,equal_weight,0.0,1,0.2,0.2,0.2,0.2,0.2
confirmation,2022-02-01,localized,0.0,64,0.0011370235296683864,0.03856264345723992,0.013059402839611586,1.9205887974504612e-06,0.9472390095846828
confirmation,2022-02-01,all_gene,0.0018416545326928363,64,0.9974891876528238,4.446599862010477e-06,4.2830560541180406e-06,5.759067230420053e-06,0.002496323624029653
confirmation,2022-02-01,random,0.0,64,0.06199877636556381,0.7028009928583122,0.17087379572271552,0.008699026808676796,0.05562740824473176
confirmation,2022-02-01,min_variance,0.14663289816515956,1,0.06749278629202005,0.409683771978781,0.0,0.5228234417291991,0.0
confirmation,2022-02-01,equal_weight,0.0,1,0.2,0.2,0.2,0.2,0.2
confirmation,2022-03-01,localized,0.012970742836108114,64,0.0141077663657765,0.03856264345723992,8.866000350347264e-05,1.9205887974504612e-06,0.9472390095846828
confirmation,2022-03-01,all_gene,0.003530137370716277,64,0.9939599391178238,3.557764145737745e-06,4.454159298933796e-06,9.355753448626145e-06,0.0060226932052828835
confirmation,2022-03-01,random,0.0,64,0.06199877636556381,0.7028009928583122,0.17087379572271552,0.008699026808676796,0.05562740824473176
confirmation,2022-03-01,min_variance,0.045509802756955264,1,0.052164905889849615,0.4551935747357361,0.0,0.4926415193744142,5.479775384167163e-17
confirmation,2022-03-01,equal_weight,0.0,1,0.2,0.2,0.2,0.2,0.2
confirmation,2022-04-01,localized,0.013685542404891024,64,0.00042222396088547644,0.03856264345723992,0.013774202408394496,1.9205887974504612e-06,0.9472390095846828
confirmation,2022-04-01,all_gene,0.0037500579892775377,64,0.9977099971071013,1.6350519861883112e-06,3.600600277058388e-06,3.5222519884603303e-06,0.002281244988646921
confirmation,2022-04-01,random,0.19573718403081125,64,0.04952443498687308,0.8046543951070554,0.016928552988235108,0.10258280859074476,0.026309808327091573
confirmation,2022-04-01,min_variance,0.05216490588984955,1,1.6754307222477044e-16,0.4900906059771958,0.0,0.5099093940228041,3.038236894006385e-17
confirmation,2022-04-01,equal_weight,0.0,1,0.2,0.2,0.2,0.2,0.2
confirmation,2022-05-02,localized,0.305460707881014,64,0.00042222396088547644,0.03856264345723992,0.3192349102894085,1.9205887974504612e-06,0.6417783017036688
confirmation,2022-05-02,all_gene,0.0017081479510215334,64,0.9994181450581229,6.972028597049463e-07,2.250392820379326e-06,2.335685799262462e-06,0.0005765716603978021
confirmation,2022-05-02,random,0.0,64,0.04952443498687308,0.8046543951070554,0.016928552988235108,0.10258280859074476,0.026309808327091573
confirmation,2022-05-02,min_variance,0.02768404085744631,1,0.0,0.517774646834642,4.1773198311571437e-17,0.482225353165358,0.0
confirmation,2022-05-02,equal_weight,0.0,1,0.2,0.2,0.2,0.2,0.2
confirmation,2022-06-01,localized,0.30136961611047575,64,0.30179184007136123,0.03856264345723992,0.017865294178932734,1.9205887974504612e-06,0.6417783017036688
confirmation,2022-06-01,all_gene,0.0010818935039997937,64,0.9983362515541231,1.1955917037011873e-06,6.8583763191351064e-06,3.902687538734809e-06,0.0016517917903153784
confirmation,2022-06-01,random,0.0,64,0.04952443498687308,0.8046543951070554,0.016928552988235108,0.10258280859074476,0.026309808327091573
confirmation,2022-06-01,min_variance,0.03029814039077719,1,1.1642647081642636e-16,0.487476506443865,0.0,0.5125234935561351,1.011976661324868e-17
confirmation,2022-06-01,equal_weight,0.0,1,0.2,0.2,0.2,0.2,0.2
confirmation,2022-07-01,localized,0.16746599071024393,64,0.46925783078160516,0.03856264345723992,0.017865294178932734,1.9205887974504612e-06,0.47431231099342486
confirmation,2022-07-01,all_gene,0.002654591364552995,64,0.9956854216375502,6.934121306612337e-07,3.599107912010701e-06,5.604544362810397e-06,0.004304681298044289
confirmation,2022-07-01,random,0.0,64,0.04952443498687308,0.8046543951070554,0.016928552988235108,0.10258280859074476,0.026309808327091573
confirmation,2022-07-01,min_variance,0.030723631884803745,1,0.0,0.4567528745590613,6.938893903907228e-18,0.5432471254409388,2.0816681711721685e-17
confirmation,2022-07-01,equal_weight,0.0,1,0.2,0.2,0.2,0.2,0.2
confirmation,2022-08-01,localized,0.45411273726488716,64,0.015145093516718,0.4926753807221271,0.017865294178932734,1.9205887974504612e-06,0.47431231099342486
confirmation,2022-08-01,all_gene,0.00019142350744299027,64,0.9954951109083192,8.136856494806612e-07,2.486329700061937e-06,9.12197878006779e-06,0.004492467097551208
confirmation,2022-08-01,random,0.0,64,0.04952443498687308,0.8046543951070554,0.016928552988235108,0.10258280859074476,0.026309808327091573
confirmation,2022-08-01,min_variance,0.0072930032327705625,1,0.0,0.44945987132629067,0.0,0.5505401286737093,4.85722573273506e-17
confirmation,2022-08-01,equal_weight,0.0,1,0.2,0.2,0.2,0.2,0.2
confirmation,2022-09-01,localized,0.014644767436236182,64,0.0005003260804817972,0.5073201481583632,0.017865294178932734,1.9205887974504612e-06,0.47431231099342486
confirmation,2022-09-01,all_gene,0.002970514775084474,64,0.9984656256834036,3.9751532154590405e-07,7.978579171370508e-07,6.537970818467574e-06,0.0015266409725390854
confirmation,2022-09-01,random,0.0,64,0.04952443498687308,0.8046543951070554,0.016928552988235108,0.10258280859074476,0.026309808327091573
confirmation,2022-09-01,min_variance,0.002934313428946726,1,3.716084553359325e-17,0.446525557897344,0.0,0.553474442102656,1.0761152627781692e-16
confirmation,2022-09-01,equal_weight,0.0,1,0.2,0.2,0.2,0.2,0.2
confirmation,2022-10-03,localized,0.0,64,0.0005003260804817972,0.5073201481583632,0.017865294178932734,1.9205887974504612e-06,0.47431231099342486
confirmation,2022-10-03,all_gene,0.0010704319249054952,64,0.9995360576083091,2.3730025164138557e-07,3.6825115571708236e-07,3.2970389122110112e-06,0.00046003980137119963
confirmation,2022-10-03,random,0.0,64,0.04952443498687308,0.8046543951070554,0.016928552988235108,0.10258280859074476,0.026309808327091573
confirmation,2022-10-03,min_variance,0.0055541479710397475,1,0.0,0.44097140992630446,0.0,0.5590285900736958,0.0
confirmation,2022-10-03,equal_weight,0.0,1,0.2,0.2,0.2,0.2,0.2
confirmation,2022-11-01,localized,0.4497614028904119,64,0.0005003260804817972,0.5073201481583632,0.017865294178932734,0.44976332347920933,0.02455090810301297
confirmation,2022-11-01,all_gene,0.001069504387326879,64,0.9984665532209823,6.878621702253826e-07,1.0023891317805932e-06,6.190703491578058e-06,0.0015255658242241622
confirmation,2022-11-01,random,0.0,64,0.04952443498687308,0.8046543951070554,0.016928552988235108,0.10258280859074476,0.026309808327091573
confirmation,2022-11-01,min_variance,0.04102688347322256,1,0.0,0.39994452645308187,9.947005397525151e-17,0.6000554735469181,7.547132440653356e-17
confirmation,2022-11-01,equal_weight,0.0,1,0.2,0.2,0.2,0.2,0.2
confirmation,2022-12-01,localized,0.024322251997643818,64,0.0005003260804817972,0.5073201481583632,0.017865294178932734,0.47408557547685315,0.00022865610536914813
confirmation,2022-12-01,all_gene,0.0030551122616331947,64,0.9954118301469247,1.0726263074651377e-06,6.132015562759e-07,1.0670700822627967e-05,0.004575813324389128
confirmation,2022-12-01,random,0.0,64,0.04952443498687308,0.8046543951070554,0.016928552988235108,0.10258280859074476,0.026309808327091573
confirmation,2022-12-01,min_variance,0.022995514865757995,1,0.0,0.3769490115873239,0.0,0.623050988412676,1.0280557900093907e-16
confirmation,2022-12-01,equal_weight,0.0,1,0.2,0.2,0.2,0.2,0.2
confirmation,2023-01-03,localized,0.462896399746337,64,0.0005003260804817972,0.9702165479047002,0.017865294178932734,0.011189175730516143,0.00022865610536914813
confirmation,2023-01-03,all_gene,0.009705616226997591,64,0.9857062139199271,1.8109873648481942e-06,7.773833238775376e-07,1.776463117009529e-05,0.014273433078214241
confirmation,2023-01-03,random,0.0,64,0.04952443498687308,0.8046543951070554,0.016928552988235108,0.10258280859074476,0.026309808327091573
confirmation,2023-01-03,min_variance,0.012604275611527167,1,2.0450654908214774e-17,0.3643447359757969,2.0474939042777233e-18,0.6356552640242032,0.0
confirmation,2023-01-03,equal_weight,0.0,1,0.2,0.2,0.2,0.2,0.2
confirmation,2023-02-01,localized,0.017265049121593264,64,0.0005003260804817972,0.9702165479047002,0.0006002450573394692,0.011189175730516143,0.017493705226962412
confirmation,2023-02-01,all_gene,0.023741827707873652,64,0.9619654900171888,9.014277980157562e-07,5.831377553652416e-07,3.761769347044419e-05,0.03799540772378756
confirmation,2023-02-01,random,0.06384303242271198,64,0.009899255873995155,0.825703393560088,0.0030497462103532616,0.14537684256042416,0.015970761795139427
confirmation,2023-02-01,min_variance,0.041226366831785946,1,1.1625307872564106e-16,0.32311836914401093,9.749488513265208e-17,0.676881630855989,0.0
confirmation,2023-02-01,equal_weight,0.0,1,0.2,0.2,0.2,0.2,0.2
confirmation,2023-03-01,localized,0.011012117071989569,64,0.0005003260804817972,0.9812286649766898,0.0006002450573394692,0.00017705865852657432,0.017493705226962412
confirmation,2023-03-01,all_gene,0.09196158057113409,64,0.8700039094460547,1.5949162045981136e-06,1.332115757726458e-06,8.783488029988964e-05,0.12990532864168322
confirmation,2023-03-01,random,0.0,64,0.009899255873995155,0.825703393560088,0.0030497462103532616,0.14537684256042416,0.015970761795139427
confirmation,2023-03-01,min_variance,0.019405652630702337,1,7.72957927194884e-17,0.3037127165133088,0.0,0.6962872834866913,4.419487344568646e-18
confirmation,2023-03-01,equal_weight,0.0,1,0.2,0.2,0.2,0.2,0.2
confirmation,2023-04-03,localized,0.000488329003845257,64,1.199707663654024e-05,0.9812286649766898,0.0010885740611847263,0.00017705865852657432,0.017493705226962412
confirmation,2023-04-03,all_gene,0.12308487210360267,64,0.7469368620617036,2.126426357850214e-06,1.4281290741718722e-06,7.001016104819713e-05,0.25298957322181614
confirmation,2023-04-03,random,0.0,64,0.009899255873995155,0.825703393560088,0.0030497462103532616,0.14537684256042416,0.015970761795139427
confirmation,2023-04-03,min_variance,0.05817907579136263,1,0.0,0.2455336407219462,0.0,0.7544663592780538,1.0571603703343191e-16
confirmation,2023-04-03,equal_weight,0.0,1,0.2,0.2,0.2,0.2,0.2
confirmation,2023-05-01,localized,0.01632925874622275,64,1.199707663654024e-05,0.9812286649766898,0.017417832807407475,0.00017705865852657432,0.001164446480739663
confirmation,2023-05-01,all_gene,0.21830503956980196,64,0.5286318224919017,4.855548141015036e-06,3.4972075824242804e-06,0.0001813702970114154,0.47117845445536344
confirmation,2023-05-01,random,0.7688994296522831,64,0.039693245176320065,0.05680396390780508,0.05556132681064528,0.7535909805297473,0.09435048357548251
confirmation,2023-05-01,min_variance,0.044013346916165486,1,0.0,0.2015202938057808,3.6032077684589235e-17,0.7984797061942193,0.0
confirmation,2023-05-01,equal_weight,0.0,1,0.2,0.2,0.2,0.2,0.2
confirmation,2023-06-01,localized,0.0,64,1.199707663654024e-05,0.9812286649766898,0.017417832807407475,0.00017705865852657432,0.001164446480739663
confirmation,2023-06-01,all_gene,0.25509525048494175,64,0.7836767348978941,2.1101927777432575e-06,3.1014261646874677e-06,0.00023170837596081658,0.2160863451072028
confirmation,2023-06-01,random,0.32797642502526797,64,0.0899304801119359,0.0023395088016227466,0.3333005169002974,0.5328630791928683,0.041566414993275735
confirmation,2023-06-01,min_variance,0.02567357131805227,1,0.0,0.22719386512383294,6.651845909211855e-17,0.7728061348761669,0.0
confirmation,2023-06-01,equal_weight,0.0,1,0.2,0.2,0.2,0.2,0.2
confirmation,2023-07-03,localized,0.0,64,1.199707663654024e-05,0.9812286649766898,0.017417832807407475,0.00017705865852657432,0.001164446480739663
confirmation,2023-07-03,all_gene,0.11389038806503343,64,0.8975671229629275,1.1908848751984581e-06,1.6088005029786035e-06,9.631983866858868e-05,0.10233375751302579
confirmation,2023-07-03,random,0.49675125387327235,64,0.2953826609037372,0.011009665362162128,0.5705833034326068,0.03611182531959597,0.08691254498189796
confirmation,2023-07-03,min_variance,0.037641779239246165,1,0.004015763094619849,0.18955208588458689,0.0,0.8064321510207932,1.5690721242916123e-17
confirmation,2023-07-03,equal_weight,0.0,1,0.2,0.2,0.2,0.2,0.2
confirmation,2023-08-01,localized,0.0,64,1.199707663654024e-05,0.9812286649766898,0.017417832807407475,0.00017705865852657432,0.001164446480739663
confirmation,2023-08-01,all_gene,0.12493638262891849,64,0.7726309531855635,1.6168554283032126e-06,1.3959489484521948e-06,0.00016405660584753492,0.2272019774042122
confirmation,2023-08-01,random,0.31363709218684427,64,0.055526943435016456,0.14437449463918026,0.6844310828846214,0.10253630877740734,0.013131170263774326
confirmation,2023-08-01,min_variance,0.036806457612654164,1,0.03618169968663509,0.19419260690522577,8.354215073476824e-17,0.7696256934081391,0.0
confirmation,2023-08-01,equal_weight,0.0,1,0.2,0.2,0.2,0.2,0.2
confirmation,2023-09-01,localized,0.19099917438711742,64,0.19101117146375393,0.7902294905895724,0.017417832807407475,0.00017705865852657432,0.001164446480739663
confirmation,2023-09-01,all_gene,0.25624926786201674,64,0.5163993663406311,2.9668032195298327e-06,1.0162884131251715e-06,0.0001467552492986051,0.48344989531843774
confirmation,2023-09-01,random,0.18025228717203964,64,0.07279813201105852,0.03175673936684961,0.840833946453506,0.03490177687769835,0.01970940529088737
confirmation,2023-09-01,min_variance,0.042755937455481584,1,0.062089171051385304,0.15143666944974424,0.0,0.7864741594988705,1.631835009263277e-17
confirmation,2023-09-01,equal_weight,0.0,1,0.2,0.2,0.2,0.2,0.2
confirmation,2023-10-02,localized,0.00013239840995276224,64,0.19101117146375393,0.7902294905895724,0.017550231217360237,4.4660248573811406e-05,0.001164446480739663
confirmation,2023-10-02,all_gene,0.27315960349554297,64,0.2432582373122562,2.9381578558538065e-06,1.4243727903025217e-06,0.00012830942749418985,0.7566090907296035
confirmation,2023-10-02,random,0.0,64,0.07279813201105852,0.03175673936684961,0.840833946453506,0.03490177687769835,0.01970940529088737
confirmation,2023-10-02,min_variance,0.03071457975926772,1,0.0667805945364268,0.12072208969047656,0.0,0.8124973157730967,0.0
confirmation,2023-10-02,equal_weight,0.0,1,0.2,0.2,0.2,0.2,0.2
confirmation,2023-11-01,localized,0.001144783486563293,64,0.19101117146375393,0.7902294905895724,0.01869501470392353,4.4660248573811406e-05,1.9662994176369852e-05
confirmation,2023-11-01,all_gene,0.3016787421689808,64,0.5449359766922508,2.802397035592588e-06,2.4271617764833615e-06,0.00010869572717141067,0.4549500980217657
confirmation,2023-11-01,random,0.0,64,0.07279813201105852,0.03175673936684961,0.840833946453506,0.03490177687769835,0.01970940529088737
confirmation,2023-11-01,min_variance,0.057328383759992274,1,0.07482891411481428,0.1700021538720813,0.0,0.7551689320131044,4.0325153594294435e-17
confirmation,2023-11-01,equal_weight,0.0,1,0.2,0.2,0.2,0.2,0.2
confirmation,2023-12-01,localized,0.0,64,0.19101117146375393,0.7902294905895724,0.01869501470392353,4.4660248573811406e-05,1.9662994176369852e-05
confirmation,2023-12-01,all_gene,0.14965209786957606,64,0.6945880745618269,1.7003039547794575e-06,1.3434885873781648e-06,3.303113571166339e-05,0.3053758505099194
confirmation,2023-12-01,random,0.0,64,0.07279813201105852,0.03175673936684961,0.840833946453506,0.03490177687769835,0.01970940529088737
confirmation,2023-12-01,min_variance,0.13343192672975845,1,0.129057137369642,0.249205857347012,0.0,0.621737005283346,3.765773098299869e-18
confirmation,2023-12-01,equal_weight,0.0,1,0.2,0.2,0.2,0.2,0.2
confirmation,2024-01-02,localized,4.291330550837072e-05,64,0.19101117146375393,0.7902294905895724,0.01869501470392353,1.7469430654406807e-06,6.257629968474057e-05
confirmation,2024-01-02,all_gene,0.17776522146627832,64,0.8723292756230173,1.7825392179050142e-06,1.5966423382065642e-06,5.6716151785608405e-05,0.12761062904364104
confirmation,2024-01-02,random,0.0,64,0.07279813201105852,0.03175673936684961,0.840833946453506,0.03490177687769835,0.01970940529088737
confirmation,2024-01-02,min_variance,0.035492629283401286,1,0.1388262558609385,0.23674771109518022,0.025723510792104887,0.5987025222517766,0.0
confirmation,2024-01-02,equal_weight,0.0,1,0.2,0.2,0.2,0.2,0.2
confirmation,2024-02-01,localized,1.5291889783857775e-06,64,0.19101117146375393,0.7902294905895724,0.01869501470392353,2.1775408705490029e-07,6.410548866312634e-05
confirmation,2024-02-01,all_gene,0.0,64,0.8723292756230173,1.7825392179050142e-06,1.5966423382065642e-06,5.6716151785608405e-05,0.12761062904364104
confirmation,2024-02-01,random,0.0,64,0.07279813201105852,0.03175673936684961,0.840833946453506,0.03490177687769835,0.01970940529088737
confirmation,2024-02-01,min_variance,0.03225537278202758,1,0.14935057287588852,0.2489335834926762,0.03526869416168642,0.566447149469749,2.1025566465507607e-17
confirmation,2024-02-01,equal_weight,0.0,1,0.2,0.2,0.2,0.2,0.2
confirmation,2024-03-01,localized,6.35969239298043e-05,64,0.19101117146375393,0.7902294905895724,0.01869501470392353,6.38146780168592e-05,5.085647333220389e-07
confirmation,2024-03-01,all_gene,0.08574477470607222,64,0.9580740503290895,8.025444672182064e-07,5.727188603662115e-07,2.6345975871396488e-05,0.04189822843171153
confirmation,2024-03-01,random,0.0,64,0.07279813201105852,0.03175673936684961,0.840833946453506,0.03490177687769835,0.01970940529088737
confirmation,2024-03-01,min_variance,0.03572327238488498,1,0.1574472604379676,0.23626965440218292,0.06289527898449225,0.5433878061753572,5.6682730490034495e-18
confirmation,2024-03-01,equal_weight,0.0,1,0.2,0.2,0.2,0.2,0.2
confirmation,2024-04-01,localized,0.7611563514852427,64,0.19101117146375393,0.029073139104329626,0.01869501470392353,0.7612201661632596,5.085647333220389e-07
confirmation,2024-04-01,all_gene,0.072449099984157,64,0.8856283078027107,1.491311083996861e-06,4.263746161871047e-07,2.3134862337391553e-05,0.11434663964925175
confirmation,2024-04-01,random,0.0,64,0.07279813201105852,0.03175673936684961,0.840833946453506,0.03490177687769835,0.01970940529088737
confirmation,2024-04-01,min_variance,0.06827018402957552,1,0.12815700574225627,0.29871295069531795,0.06872216672093276,0.504407876841493,0.0
confirmation,2024-04-01,equal_weight,0.0,1,0.2,0.2,0.2,0.2,0.2
confirmation,2024-05-01,localized,0.02886238726696475,64,0.19101117146375393,0.00021075183736487743,0.04755740197088828,0.7612201661632596,5.085647333220389e-07
confirmation,2024-05-01,all_gene,0.1753619897631738,64,0.7102663180395369,2.7876939445384894e-06,5.954878401328638e-07,2.3627488327421312e-05,0.28970667129035094
confirmation,2024-05-01,random,0.0,64,0.07279813201105852,0.03175673936684961,0.840833946453506,0.03490177687769835,0.01970940529088737
confirmation,2024-05-01,min_variance,0.04063954867048047,1,0.12519010956237078,0.3393524993657984,0.049437776294400715,0.4860196147774301,9.31636573798145e-18
confirmation,2024-05-01,equal_weight,0.0,1,0.2,0.2,0.2,0.2,0.2
confirmation,2024-06-03,localized,0.7572654235086415,64,0.9482765949723954,0.00021075183736487743,0.04755740197088828,0.0039547426546181486,5.085647333220389e-07
confirmation,2024-06-03,all_gene,0.2173940660753494,64,0.49288189539386235,1.8668891090644428e-06,3.558555072953181e-07,1.5144495820938746e-05,0.5071007373657004
confirmation,2024-06-03,random,0.0,64,0.07279813201105852,0.03175673936684961,0.840833946453506,0.03490177687769835,0.01970940529088737
confirmation,2024-06-03,min_variance,0.05234166845394058,1,0.09331935474619601,0.3686094917897113,0.07252245232442835,0.46554870113966423,1.0408340855860843e-17
confirmation,2024-06-03,equal_weight,0.0,1,0.2,0.2,0.2,0.2,0.2
confirmation,2024-07-01,localized,0.00020586859630232515,64,0.9482765949723954,4.883241062552285e-06,0.04755740197088828,0.0039547426546181486,0.00020637716103564719
confirmation,2024-07-01,all_gene,0.22734976606306584,64,0.26553309636886174,9.940756954889247e-07,2.6163085564727015e-07,1.885220376233624e-05,0.7344467957208248
confirmation,2024-07-01,random,0.0,64,0.07279813201105852,0.03175673936684961,0.840833946453506,0.03490177687769835,0.01970940529088737
confirmation,2024-07-01,min_variance,0.03177026470125344,1,0.09489807058456248,0.39880104065259836,0.070790144897317,0.43551074386552224,0.0
confirmation,2024-07-01,equal_weight,0.0,1,0.2,0.2,0.2,0.2,0.2
confirmation,2024-08-01,localized,0.9458064339309719,64,0.002470161041423502,4.883241062552285e-06,0.9933638359018602,0.0039547426546181486,0.00020637716103564719
confirmation,2024-08-01,all_gene,0.14860811153229184,64,0.116929674350272,6.057970127539144e-07,3.1771111293112586e-07,1.4550968742864943e-05,0.8830548511728593
confirmation,2024-08-01,random,0.0,64,0.07279813201105852,0.03175673936684961,0.840833946453506,0.03490177687769835,0.01970940529088737
confirmation,2024-08-01,min_variance,0.030283950834277824,1,0.07463045790622572,0.42365891777001474,0.06077380674137593,0.4409368175823837,0.0
confirmation,2024-08-01,equal_weight,0.0,1,0.2,0.2,0.2,0.2,0.2
confirmation,2024-09-03,localized,0.0024369834028991613,64,3.3177638524340726e-05,4.883241062552285e-06,0.9933638359018602,0.00639172605751731,0.00020637716103564719
confirmation,2024-09-03,all_gene,0.07014880731759757,64,0.046790110451630694,3.1081542832099723e-07,1.7161556831882562e-07,5.748626915724449e-06,0.953203658490457
confirmation,2024-09-03,random,0.5800193202361682,64,0.04191352496059261,0.02547886458903215,0.29797710804562116,0.1471445493173731,0.48748595308738085
confirmation,2024-09-03,min_variance,0.04541869409206049,1,0.06293026454366878,0.4690776118620752,0.0394256914614116,0.42856643213284445,2.237889117270912e-17
confirmation,2024-09-03,equal_weight,0.0,1,0.2,0.2,0.2,0.2,0.2
confirmation,2024-10-01,localized,0.0,64,3.3177638524340726e-05,4.883241062552285e-06,0.9933638359018602,0.00639172605751731,0.00020637716103564719
confirmation,2024-10-01,all_gene,0.030763301384811946,64,0.01602953253949799,2.6652886169151605e-07,9.792434104743659e-08,3.14313203030648e-06,0.9839669598752688
confirmation,2024-10-01,random,0.47329088819756954,64,0.0961800091620452,0.05675905280378687,0.6857213238269835,0.04964979010078049,0.11168982410640396
confirmation,2024-10-01,min_variance,0.08239964243317349,1,0.1354614320399574,0.42610366089031326,6.674095837086097e-18,0.43843490706972926,8.472989471174707e-18
confirmation,2024-10-01,equal_weight,0.0,1,0.2,0.2,0.2,0.2,0.2
confirmation,2024-11-01,localized,3.093739870868737e-05,64,2.240239815653554e-06,4.883241062552285e-06,0.9933638359018602,0.006422663456225997,0.00020637716103564719
confirmation,2024-11-01,all_gene,0.010825268503965445,64,0.005204559217188926,2.2141814201222935e-07,8.39854395615676e-08,2.906999995127526e-06,0.9947922283792343
confirmation,2024-11-01,random,0.3486894451490613,64,0.01893945332932248,0.009102439128623883,0.4652671899771048,0.04631164830948357,0.46037926925546524
confirmation,2024-11-01,min_variance,0.016861977159457107,1,0.12484254956311369,0.44296563804977046,0.0,0.43219181238711596,0.0
confirmation,2024-11-01,equal_weight,0.0,1,0.2,0.2,0.2,0.2,0.2
confirmation,2024-12-02,localized,0.006395479054860049,64,0.006397719294675702,4.883241062552285e-06,0.9933638359018602,2.71844013659487e-05,0.00020637716103564719
confirmation,2024-12-02,all_gene,0.0035004833105286267,64,0.0017040759066603145,2.504489932234252e-07,1.0203162953893657e-07,3.8126903496804275e-06,0.9982917589223672
confirmation,2024-12-02,random,0.4180299238295287,64,0.052014646777447826,0.09308293613040647,0.0762610936942675,0.017287820762792172,0.7613535026350859
confirmation,2024-12-02,min_variance,0.03366190203232756,1,0.10786541046750762,0.476627540082098,0.0,0.41550704945039446,0.0
confirmation,2024-12-02,equal_weight,0.0,1,0.2,0.2,0.2,0.2,0.2
later_vintage,2025-01-02,localized,0.1928901303499017,64,0.2,0.3928901303499017,0.2,0.007109869650098299,0.2
later_vintage,2025-01-02,all_gene,0.24061794879174156,64,0.18666111437669416,0.10133629036769337,0.44061794879174154,0.15792279440145593,0.113461852062415
later_vintage,2025-01-02,random,0.5877753463029579,64,0.010673132398587344,0.07608352018278851,0.7877753463029579,0.056108863663528845,0.06935913745213743
later_vintage,2025-01-02,min_variance,0.5286499757072894,1,0.07135002429271063,0.511631066908605,0.0,0.4170189087986845,1.3807834693766188e-17
later_vintage,2025-01-02,equal_weight,0.0,1,0.2,0.2,0.2,0.2,0.2
later_vintage,2025-02-03,localized,0.005980808949528134,64,0.20598080894952814,0.3928901303499017,0.2,0.0011290607005701595,0.2
later_vintage,2025-02-03,all_gene,0.21855750305850355,64,0.40521861743519777,0.0887565083445911,0.3067025687850086,0.10389044553561998,0.09543185989958267
later_vintage,2025-02-03,random,0.8074513022616684,64,0.4606706527911759,0.0591307806882872,0.02582698636616276,0.02755866083315693,0.42681291932121734
later_vintage,2025-02-03,min_variance,0.01798738352609148,1,0.06653505699168702,0.5090764788556688,0.017987383526091458,0.4064010806265529,0.0
later_vintage,2025-02-03,equal_weight,0.0,1,0.2,0.2,0.2,0.2,0.2
later_vintage,2025-03-03,localized,0.3840750754979127,64,0.20598080894952814,0.008815054851989024,0.2,0.0011290607005701595,0.5840750754979127
later_vintage,2025-03-03,all_gene,0.19899190251602786,64,0.6042105199512255,0.044745705024965284,0.20593859227338157,0.05376595502849794,0.09133922772192964
later_vintage,2025-03-03,random,0.33012861370830887,64,0.16241759285911359,0.027255226912040548,0.21238150421386895,0.033605902817219514,0.5643397731977574
later_vintage,2025-03-03,min_variance,0.013096790579078105,1,0.07923178385883595,0.5020063045654166,0.011960767237265505,0.4068011443384821,0.0
later_vintage,2025-03-03,equal_weight,0.0,1,0.2,0.2,0.2,0.2,0.2
later_vintage,2025-04-01,localized,0.19741509268471774,64,0.4033959016342459,0.008815054851989024,0.0025849073152822977,0.0011290607005701595,0.5840750754979127
later_vintage,2025-04-01,all_gene,0.13354628831863694,64,0.5019539729184889,0.03602238399492383,0.18337217201752282,0.06798022170219706,0.2106712493668675
later_vintage,2025-04-01,random,0.0,64,0.16241759285911359,0.027255226912040548,0.21238150421386895,0.033605902817219514,0.5643397731977574
later_vintage,2025-04-01,min_variance,0.05547123841070102,1,0.03287546586726989,0.5154509846960975,0.002845846818130468,0.44882770261850213,0.0
later_vintage,2025-04-01,equal_weight,0.0,1,0.2,0.2,0.2,0.2,0.2
later_vintage,2025-05-01,localized,0.0,64,0.4033959016342459,0.008815054851989024,0.0025849073152822977,0.0011290607005701595,0.5840750754979127
later_vintage,2025-05-01,all_gene,0.24228086047294906,64,0.36218507114066556,0.021932670673400375,0.09494992664392055,0.07663844430182373,0.4442938872401899
later_vintage,2025-05-01,random,0.4033328267113,64,0.5149574201908751,0.05633085686170793,0.02134455678795066,0.055323272247090584,0.3520438939123757
later_vintage,2025-05-01,min_variance,0.15481264480832302,1,0.03399271362894329,0.36348418670590504,0.0,0.6025230996651518,0.0
later_vintage,2025-05-01,equal_weight,0.0,1,0.2,0.2,0.2,0.2,0.2
later_vintage,2025-06-02,localized,0.0,64,0.4033959016342459,0.008815054851989024,0.0025849073152822977,0.0011290607005701595,0.5840750754979127
later_vintage,2025-06-02,all_gene,0.15257420064048977,64,0.5147592717811552,0.016858712916263296,0.08197626149213438,0.031790225906880624,0.35461552790356643
later_vintage,2025-06-02,random,0.21261114527609307,64,0.7149409932702998,0.05652315962108122,0.028902619286022554,0.06020047918631386,0.13943274863628277
later_vintage,2025-06-02,min_variance,0.11156147418156644,1,0.061092848609769296,0.44794552590664544,0.0,0.49096162548358535,0.0
later_vintage,2025-06-02,equal_weight,0.0,1,0.2,0.2,0.2,0.2,0.2
later_vintage,2025-07-01,localized,0.008563275147215478,64,0.4033959016342459,0.00025177970477354567,0.011148182462497776,0.0011290607005701595,0.5840750754979127
later_vintage,2025-07-01,all_gene,0.1926213228527434,64,0.37871130003256337,0.014059103315076,0.02820251998917018,0.03254100888627224,0.5464860677769182
later_vintage,2025-07-01,random,0.7256815339396094,64,0.0704769883594295,0.024966785390446663,0.27211617032576774,0.010539324388209256,0.6219007315361469
later_vintage,2025-07-01,min_variance,0.04410724833983305,1,0.034058522333380636,0.4920527742464784,1.1871243889828252e-18,0.4738887034201409,0.0
later_vintage,2025-07-01,equal_weight,0.0,1,0.2,0.2,0.2,0.2,0.2
later_vintage,2025-08-01,localized,0.00013428078806298653,64,0.4033959016342459,0.00011749891671055952,0.011282463250560763,0.0011290607005701595,0.5840750754979127
later_vintage,2025-08-01,all_gene,0.2992107771937331,64,0.6652567322830313,0.007707989085015625,0.04086786493243537,0.013195082863538507,0.2729723308359792
later_vintage,2025-08-01,random,0.5287947485276538,64,0.14594972444417972,0.0030628675727259005,0.6741376395511046,0.061839867605776005,0.11500990082621376
later_vintage,2025-08-01,min_variance,0.04136486894262851,1,0.054047988497749264,0.5134281770247383,0.0,0.4325238344775124,2.6360411688099085e-17
later_vintage,2025-08-01,equal_weight,0.0,1,0.2,0.2,0.2,0.2,0.2
later_vintage,2025-09-02,localized,9.888431422758903e-05,64,0.4033959016342459,1.861460248297034e-05,0.011381347564788351,0.0011290607005701595,0.5840750754979127
later_vintage,2025-09-02,all_gene,0.07667631833527461,64,0.675011755499318,0.012808323049978428,0.10268882608646047,0.008418734926917327,0.20107236043732582
later_vintage,2025-09-02,random,0.0,64,0.14594972444417972,0.0030628675727259005,0.6741376395511046,0.061839867605776005,0.11500990082621376
later_vintage,2025-09-02,min_variance,0.057537532100498036,1,0.11158552059824728,0.4721758371676409,0.0,0.4162386422341118,2.9651283281557855e-17
later_vintage,2025-09-02,equal_weight,0.0,1,0.2,0.2,0.2,0.2,0.2
later_vintage,2025-10-01,localized,0.0,64,0.4033959016342459,1.861460248297034e-05,0.011381347564788351,0.0011290607005701595,0.5840750754979127
later_vintage,2025-10-01,all_gene,0.1528463513399418,64,0.5338037513910161,0.027913102244915736,0.23409563333574637,0.014753499822635798,0.18943401320568584
later_vintage,2025-10-01,random,0.0,64,0.14594972444417972,0.0030628675727259005,0.6741376395511046,0.061839867605776005,0.11500990082621376
later_vintage,2025-10-01,min_variance,0.036050410447972636,1,0.11572318831681518,0.5040885798970456,0.0,0.38018823178613914,7.6884534090289e-17
later_vintage,2025-10-01,equal_weight,0.0,1,0.2,0.2,0.2,0.2,0.2
later_vintage,2025-11-03,localized,0.0006854651557675687,64,0.4033959016342459,1.861460248297034e-05,0.01206681272055592,0.0004435955448025908,0.5840750754979127
later_vintage,2025-11-03,all_gene,0.2080754649494685,64,0.3912429028949954,0.031426180375092046,0.42922386591401973,0.02418765406365474,0.12391939675223823
later_vintage,2025-11-03,random,0.0,64,0.14594972444417972,0.0030628675727259005,0.6741376395511046,0.061839867605776005,0.11500990082621376
later_vintage,2025-11-03,min_variance,0.010018093186233586,1,0.11081551487301299,0.4989781601546143,9.975396119012131e-18,0.3902063249723728,1.0042061595466319e-17
later_vintage,2025-11-03,equal_weight,0.0,1,0.2,0.2,0.2,0.2,0.2
later_vintage,2025-12-01,localized,1.1132443245264136e-05,64,0.4033959016342459,7.482159237706199e-06,0.01206681272055592,0.00045472798804785494,0.5840750754979127
later_vintage,2025-12-01,all_gene,0.2584134358751706,64,0.13282946701982473,0.045450067462513066,0.6659609029747562,0.028474151195978546,0.1272854113469276
later_vintage,2025-12-01,random,0.19506842082035736,64,0.018245973617816106,0.06688443685141891,0.7891224592272806,0.07810189947126434,0.04764523083222005
later_vintage,2025-12-01,min_variance,0.004841806104238695,1,0.11565732097725168,0.4986062454417142,0.0,0.3857364335810342,0.0
later_vintage,2025-12-01,equal_weight,0.0,1,0.2,0.2,0.2,0.2,0.2
later_vintage,2026-01-02,localized,0.01179903118553373,64,0.4033959016342459,7.482159237706199e-06,0.00026778153502218967,0.012253759173581586,0.5840750754979127
later_vintage,2026-01-02,all_gene,0.13334410189463447,64,0.05969942019520783,0.03747970195761779,0.7993050048693905,0.026807595285847866,0.07670827769193586
later_vintage,2026-01-02,random,0.45309165914079685,64,0.07045065324715864,0.012588024977057794,0.3903272119608448,0.44322448573775436,0.0834096240771843
later_vintage,2026-01-02,min_variance,0.026320843011133778,1,0.14197816398838548,0.48661731451304857,1.3645668306460827e-17,0.3714045214985661,0.0
later_vintage,2026-01-02,equal_weight,0.0,1,0.2,0.2,0.2,0.2,0.2
later_vintage,2026-02-02,localized,0.012095435206078704,64,0.4033959016342459,7.482159237706199e-06,0.012363216741100894,0.00015832396750288177,0.5840750754979127
later_vintage,2026-02-02,all_gene,0.07222610174638884,64,0.04138074794519807,0.03223176712897186,0.8715311066157794,0.015099072429913594,0.03975730588013701
later_vintage,2026-02-02,random,0.47037254740853157,64,8.670377706157798e-05,0.22390593121135272,0.6493818531350816,0.11596565496082523,0.010659856915678981
later_vintage,2026-02-02,min_variance,0.05018242663881255,1,0.16489088416064238,0.436434887874236,0.0,0.3986742279651217,4.5169663778044795e-17
later_vintage,2026-02-02,equal_weight,0.0,1,0.2,0.2,0.2,0.2,0.2
later_vintage,2026-03-02,localized,0.011986514903343418,64,0.4033959016342459,0.011993997062581124,0.00037670183775747636,0.00015832396750288177,0.5840750754979127
later_vintage,2026-03-02,all_gene,0.05957639355423141,64,0.03757279004336154,0.0899401370168041,0.8171735460492903,0.016967096096312747,0.03834643079423122
later_vintage,2026-03-02,random,0.5704004272461877,64,0.02425649486926932,0.6242395529360285,0.15048753748955382,0.04445954336016526,0.15655687134498306
later_vintage,2026-03-02,min_variance,0.02891154918879914,1,0.19380243334944147,0.4234519007904677,1.6566419733965437e-17,0.3827456658600909,0.0
later_vintage,2026-03-02,equal_weight,0.0,1,0.2,0.2,0.2,0.2,0.2
later_vintage,2026-04-01,localized,0.5766633895511385,64,0.4033959016342459,0.011993997062581124,0.577040091388896,0.00015832396750288177,0.007411685946774216
later_vintage,2026-04-01,all_gene,0.31947908368546596,64,0.08504907427565242,0.3020754133005837,0.4976944623638243,0.050767550762372694,0.06441349929756676
later_vintage,2026-04-01,random,0.0,64,0.02425649486926932,0.6242395529360285,0.15048753748955382,0.04445954336016526,0.15655687134498306
later_vintage,2026-04-01,min_variance,0.04776557625528211,1,0.24156800960472352,0.41107402061428155,5.204170427930421e-18,0.34735796978099487,0.0
later_vintage,2026-04-01,equal_weight,0.0,1,0.2,0.2,0.2,0.2,0.2
later_vintage,2026-05-01,localized,0.0,64,0.4033959016342459,0.011993997062581124,0.577040091388896,0.00015832396750288177,0.007411685946774216
later_vintage,2026-05-01,all_gene,0.15643974821509624,64,0.03793604548652505,0.24498982003699857,0.6541342105789206,0.02200906641626371,0.04093085748129207
later_vintage,2026-05-01,random,0.3813991335759747,64,0.027531940242565174,0.3861616179224966,0.468474769541057,0.10459599951134095,0.0132356727825402
later_vintage,2026-05-01,min_variance,0.251348200844908,1,0.155365431908993,0.5061226380344498,0.06062363796588766,0.18221234663181735,0.09567594545885207
later_vintage,2026-05-01,equal_weight,0.0,1,0.2,0.2,0.2,0.2,0.2
later_vintage,2026-06-01,localized,0.0,64,0.4033959016342459,0.011993997062581124,0.577040091388896,0.00015832396750288177,0.007411685946774216
later_vintage,2026-06-01,all_gene,0.06683718369530413,64,0.018235242699694405,0.22507033180067415,0.7209713942742247,0.01512831744173465,0.020594713783672045
later_vintage,2026-06-01,random,0.0,64,0.027531940242565174,0.3861616179224966,0.468474769541057,0.10459599951134095,0.0132356727825402
later_vintage,2026-06-01,min_variance,0.06318745189187233,1,0.16900168213955521,0.44293518614257754,0.0700592900982125,0.2174664364395196,0.10053740518013517
later_vintage,2026-06-01,equal_weight,0.0,1,0.2,0.2,0.2,0.2,0.2
