seed,family,method,full_return,early_return,annual_volatility,annual_es_5,annual_turnover,genome_diversity,phenotype_diversity,evaluated_candidates,reserve_floor_margin
20000,rotation,evolution,0.0875805233933788,0.03333503011986276,0.08455066376788493,2.611163270231525,12.720176727559235,0.38474797634612606,0.0257028217769249,576,
20000,rotation,random,0.046017372625167606,0.016385128833405087,0.07341157072575656,2.1859355334338555,17.292745497033224,0.9026421126239453,0.3667052347055749,576,
20000,rotation,hybrid_quality,0.07951208217749928,0.03890468573742963,0.08320599202102122,2.6861842420288484,11.596803932874396,0.5134085168737651,0.22188837708822037,576,
20000,rotation,hybrid_diverse,0.051815707196415046,0.01704665955073064,0.07091477403334548,2.1114596875405183,15.644328679127353,0.6350710802963757,0.15248709217268042,576,0.0005366335848170783
20001,rotation,evolution,0.004763856199440697,0.06526184724372429,0.08121471672555329,3.1948088870105438,37.7077753365852,0.24742593396488377,0.0,576,
20001,rotation,random,0.018601802668369423,0.06736944901049316,0.06908038072006312,2.5243447077036505,18.356587096656817,0.9492036482308077,0.0,576,
20001,rotation,hybrid_quality,-0.045508894329784916,0.04273154856268182,0.07193151529025946,2.6494070244012895,26.553559317107254,0.8355360480189647,0.0,576,
20001,rotation,hybrid_diverse,-0.024080133338681586,0.0550253031174326,0.07250897655084075,2.579472289839454,23.566033963475284,0.7352632747717678,0.0,576,6.955355984830658e-05
20002,rotation,evolution,0.04416743835720856,0.06619969390850497,0.051538473421768684,1.640323198778799,36.15174448219552,0.19898399937906566,0.11483590627844327,576,
20002,rotation,random,0.07959034390680866,0.06459284343150173,0.06641957327379207,2.094209982982332,27.844146495234888,0.8608955839949144,0.3733285616677895,576,
20002,rotation,hybrid_quality,0.03208159961879575,0.05068986471953603,0.0649983528166071,2.1966618035504455,45.36943215764399,0.36607650730334484,0.19522811528162548,576,
20002,rotation,hybrid_diverse,0.05702068301352979,0.06797194272352294,0.07147173936572293,2.276917608971546,43.18042640994215,0.8354325456061472,0.43953906867548015,576,0.0029560260611382477
20003,rotation,evolution,0.15567184968655462,0.05576681994645987,0.10526989116807094,3.706903761578172,78.44357583812187,0.11069666209376898,0.012722401572405655,576,
20003,rotation,random,0.08541294915777019,0.0018884896418595153,0.08458198277638053,3.0245497217006236,38.65521164611727,0.9228740970615265,0.1894294029932042,576,
20003,rotation,hybrid_quality,0.05571381581248039,-0.018507390471267253,0.09202797276811199,3.4927837369841925,53.69884035207056,0.423220002680912,0.1506494906846997,576,
20003,rotation,hybrid_diverse,0.0954993050444721,0.022485496136828674,0.09566430312362453,3.4670685353614275,50.424998796556395,0.9796376254561916,0.15502103944798895,576,0.032962525956682955
20004,rotation,evolution,0.03715392635230902,0.011015234208626538,0.08649709062302073,2.951783960894398,14.170267807692909,0.2585944052593336,0.15655397557584913,576,
20004,rotation,random,0.031626201863965274,0.024406333389077658,0.09225810354616464,3.0722469213372166,15.185313752307025,0.7108170133891468,0.23171413925015016,576,
20004,rotation,hybrid_quality,-0.025313529835802706,0.01796905787700334,0.09068625883875571,3.089233941688414,19.023168745042426,0.37020115047037905,0.12160741894160278,576,
20004,rotation,hybrid_diverse,0.012459537508745108,0.00969655676227255,0.08756181783712572,2.957652806045065,16.519029551671686,0.16305984741423865,0.025371780517724263,576,0.01376296719623904
20005,rotation,evolution,-0.04215255890620763,-0.015794028635237694,0.05718847564936546,2.148979378181796,18.053853549720753,0.22627802194772254,0.1092996149643583,576,
20005,rotation,random,-0.06614552966793119,-0.012876917133337905,0.057876842370454776,2.290611237875545,23.339803113413144,0.8213042854077548,0.17874655923412153,576,
20005,rotation,hybrid_quality,-0.07287331800288795,-0.026378091759933664,0.06035724235872709,2.550191465157138,22.997197394311968,0.25651420643999356,0.08940235258920164,576,
20005,rotation,hybrid_diverse,-0.09214022283708699,-0.017105891141561493,0.059264860510528705,2.3212947277393856,26.11625825047618,0.44978719576430526,0.1796952208620635,576,0.0004819971898857023
20006,rotation,evolution,-0.07654577449140418,-0.07888756506567673,0.10453227370440431,3.3738361797637815,26.32088808961507,0.1008582573063455,0.047444001770788745,576,
20006,rotation,random,-0.02592031393392095,-0.04602480945407001,0.08905905763127951,2.889489074394435,24.268072873333157,0.7628352095653915,0.19386714503958308,576,
20006,rotation,hybrid_quality,-0.05641118893615568,-0.07336952268304657,0.09804444590212459,3.2961501932372292,28.123863756288728,0.20154853018566435,0.02928764610339414,576,
20006,rotation,hybrid_diverse,-0.038202984218411,-0.05349525056615906,0.09357980694868008,3.1687340923014844,28.580105977952748,0.2699758541790204,0.11173729867990131,576,0.0012312200124690552
20007,rotation,evolution,0.04627230897906884,0.00017912627430874406,0.056268257458955244,1.8019105249967384,11.340136294685454,0.30357027169600936,0.08179302119506096,576,
20007,rotation,random,0.078202030835117,0.02982826325018017,0.07861939319852558,2.5039992892739975,18.129089165397218,0.664339488084487,0.28420242828317804,576,
20007,rotation,hybrid_quality,0.05943174130287954,0.013743787315213026,0.07657462040604812,2.397667043897425,15.788151019569815,0.19008776501583877,0.10631683050258704,576,
20007,rotation,hybrid_diverse,0.06419567267527015,0.023858732711495387,0.08204720486728367,2.646638453219619,22.001254107081735,0.4502101319800421,0.13617009896686677,576,0.0004903230027349381
20008,rotation,evolution,-0.12025305307910687,-0.07207556734294883,0.058947620660251256,2.1907971463701617,21.78744322800687,0.28961278303280563,0.005275244616454296,576,
20008,rotation,random,-0.14713659298310452,-0.1041493666575476,0.06268241155391563,2.433896835768603,32.66011262868487,0.8880197898769554,0.18421826501518138,576,
20008,rotation,hybrid_quality,-0.09682839055537767,-0.08167226758160256,0.06551439189015028,2.473934481515922,29.6281050549943,0.3136097077304745,0.03372655803611434,576,
20008,rotation,hybrid_diverse,-0.10163454388524036,-0.10026577469935806,0.07392889523752559,2.8061444530227764,26.295725456850523,0.6443593162033866,0.12575692703748556,576,0.0015275461545948277
20009,rotation,evolution,-0.05798729706250708,-0.02962479644723217,0.11990493206583619,3.901198796585728,44.16763008833344,0.20304264412075396,0.15536848040094112,576,
20009,rotation,random,-0.07914378378045187,-0.04309644871195715,0.07808481523547046,2.734400886948766,31.033463726216056,0.7128469453161171,0.2334144180993877,576,
20009,rotation,hybrid_quality,-0.06380879621389529,-0.04146747716163513,0.06808420203777311,2.3928397209901533,33.03673737235407,0.10723718005573457,0.048748608931112956,576,
20009,rotation,hybrid_diverse,-0.12062157429265236,-0.06490028565822024,0.07268051388740308,2.4692916280862294,37.66413921179422,0.7906346214701336,0.2678307051033233,576,0.0012365794587264334
20010,rotation,evolution,0.08581779735918327,0.07547063993994796,0.1007021320716038,3.1933069710375883,19.37932744284418,0.19924745622819987,0.09482848893654726,576,
20010,rotation,random,0.09156196804984996,0.06440861543002804,0.08955128598288874,2.861697411688532,10.286073749374737,0.7356083391592657,0.2341638193920761,576,
20010,rotation,hybrid_quality,0.1025862805537847,0.10966420613415366,0.10282221939620365,3.1370905317914826,14.01569919463365,0.7116189966519304,0.14156255784729338,576,
20010,rotation,hybrid_diverse,0.05211281148436188,0.061010789613689484,0.0893013669845842,2.8762021564325817,15.552755764952332,0.733491661952853,0.2179665088502762,576,0.0008390062811627491
20011,rotation,evolution,0.1868408490551133,0.037381806881950655,0.07666020276483658,2.4911753475232197,10.410961767357664,0.32010987136993013,0.028396662155747054,576,
20011,rotation,random,0.23733123077558976,0.07464318869818246,0.08611569320505943,2.8553862123851057,19.106076089458764,0.7677764478782519,0.28274546394947264,576,
20011,rotation,hybrid_quality,0.2257759626286216,0.0427638596401143,0.0897839034232475,3.006454619625398,22.363677379491612,0.15393138534163958,0.01812802038576686,576,
20011,rotation,hybrid_diverse,0.222376803530607,0.06321938838130264,0.08708248078521326,2.917199993045039,46.9236525959885,0.5490210457584292,0.20670088550798804,576,0.007682545828624349
30000,correlation_flip,evolution,0.016303545513761425,-0.014636724452684918,0.07655841409992463,2.682003108248943,12.267502236914053,0.2252723006730038,0.0695714342268845,576,
30000,correlation_flip,random,0.04095261267558538,-0.025801498408439934,0.06095300517269219,2.044479147418537,13.056310881484698,0.6781210474664763,0.12465934230655164,576,
30000,correlation_flip,hybrid_quality,0.032878500188532826,-0.012357380585722185,0.06606610953425386,2.4746171969079227,10.67258534162519,0.09724443773547438,0.02095918637833819,576,
30000,correlation_flip,hybrid_diverse,0.022267384111703745,-0.019228081347904998,0.06379526552902295,2.2664962127785926,9.943801717492619,0.5114186010172116,0.1097143068039528,576,0.0003703820790173784
30001,correlation_flip,evolution,-0.035979940701236376,-0.0006038537088370174,0.11229610784275648,3.8647569903255374,25.556519210484584,0.23761107742127072,0.21315325923176576,576,
30001,correlation_flip,random,-0.030099731245218336,-0.015188372258170026,0.09171029423606565,3.3181467597231062,24.482936429323694,0.817639142196647,0.21530550416313107,576,
30001,correlation_flip,hybrid_quality,-0.037721820439292675,-0.006729293156650233,0.1087065020056413,3.8829205428662763,28.410456658251935,0.7982287708325924,0.28583566507889363,576,
30001,correlation_flip,hybrid_diverse,-0.06570591996317403,-0.02397602771786708,0.08741327444241956,3.1713396383186434,25.60793459458569,0.8456108735894646,0.28560958912912954,576,0.0050506010456475015
30002,correlation_flip,evolution,-0.04987983778854193,-0.09645219167040786,0.11071425530233274,3.886974120943715,18.671935657727097,0.1811866138849791,0.0729138008930008,576,
30002,correlation_flip,random,-0.06532957945941503,-0.06119015184577638,0.07937618614546676,3.1242660658580124,19.46837485793463,0.8512882718919803,0.19259558621043063,576,
30002,correlation_flip,hybrid_quality,-0.08264773216318645,-0.06490107216210506,0.07688889369101465,3.1514073891447705,15.667636902005485,0.7144998461471719,0.1784509435177658,576,
30002,correlation_flip,hybrid_diverse,-0.07385142350175154,-0.06314940036505817,0.08441542974617101,3.235953736456963,21.631663812720898,0.8200049288137655,0.23863501341835844,576,0.001484285406858847
30003,correlation_flip,evolution,-0.05770189068318103,-0.024099898187619,0.091187660257883,3.3266357811534064,12.300351112194162,0.12036695336878481,0.0,576,
30003,correlation_flip,random,-0.050840915714899154,-0.022356251794810607,0.08289175593765866,3.035919445390857,13.781840242155038,0.7769476018623441,0.05248259207701323,576,
30003,correlation_flip,hybrid_quality,-0.06040702309937988,-0.01750827914655582,0.08910992505268567,3.2729211431891176,19.278899365715432,0.3434988723105749,0.014205585746983773,576,
30003,correlation_flip,hybrid_diverse,-0.07354460921817474,-0.028090102442252452,0.09054093442060368,3.3201014322782494,13.751113937417962,0.22149281700564433,0.02782818770189569,576,0.006562638620885124
30004,correlation_flip,evolution,0.002520348296035438,-0.039434044150899246,0.0915258672449908,2.95037064559437,58.2881078217952,0.2094019851097232,0.03086103467988982,576,
30004,correlation_flip,random,0.023719003029166096,0.009656940847912007,0.09095792070916812,2.76001465043856,30.461368441317404,0.8728034683253076,0.21467051856424624,576,
30004,correlation_flip,hybrid_quality,0.021231390337761648,0.008098648939148433,0.1031312059845972,3.0910151213556394,40.22296331516694,0.5580780093835663,0.18164035063528491,576,
30004,correlation_flip,hybrid_diverse,-0.021130166846893207,-0.043402894667016766,0.08963915750155335,2.9491712998967072,50.08099210028632,0.9501637739437828,0.3015632291875404,576,0.0010465837623270247
30005,correlation_flip,evolution,-0.0005030022774176052,0.0008163034271234338,0.07651568664067333,2.8845858228706374,10.018081801865375,0.2388312313572356,0.03966934514364173,576,
30005,correlation_flip,random,-0.006545262635327911,0.0198545549937262,0.07817215593838497,3.066406864626664,9.224222548681889,0.9143836707610745,0.19167585051320188,576,
30005,correlation_flip,hybrid_quality,-0.015762413281089353,0.004564948073838074,0.08362601279096267,3.3510918783713195,10.984822295092489,0.8367356338481415,0.14513138527144567,576,
30005,correlation_flip,hybrid_diverse,0.006316669990659539,0.013846846137643972,0.08048970603827768,3.1345248892641266,7.820023076311062,0.9264934115276516,0.08200835769928767,576,0.007580854192809797
30006,correlation_flip,evolution,0.08339678056474499,0.01693646948617911,0.09906913107281473,3.351882351817956,23.134787571371593,0.21266275916212582,0.026103907187704393,576,
30006,correlation_flip,random,0.0802687517599301,0.01995999693636731,0.09170372248434289,3.1265780851899128,21.485020549294283,0.8863248952936009,0.20376455202418614,576,
30006,correlation_flip,hybrid_quality,0.07239785611803629,0.009830494674763025,0.0977233075121996,3.3030931148601206,21.98702121150041,0.6734544141956834,0.2014296944541314,576,
30006,correlation_flip,hybrid_diverse,0.10114903255217064,0.014988926378836025,0.09429024330570228,3.2359744878791346,23.542745388775973,0.6954912587160279,0.20268104351677918,576,0.002500919594887536
30007,correlation_flip,evolution,0.023854396512074848,-0.0179227150698928,0.06822191821620052,2.5570220006114783,43.83324796576938,0.2508023046659683,0.028575242461245064,576,
30007,correlation_flip,random,0.024418151774155288,-0.030638785689528974,0.08439493617808042,2.764772105278214,29.700848019468136,0.708185763418307,0.3319905772135206,576,
30007,correlation_flip,hybrid_quality,0.0674351416545471,-0.0008252315885326537,0.08751364619500643,2.7059553985657274,22.895969242504005,0.28365414986872367,0.089623747047649,576,
30007,correlation_flip,hybrid_diverse,0.03676190443593071,0.001746551573182445,0.06759348539353487,2.3535827214224496,26.014392439032267,0.3903936691506371,0.13963217894566152,576,0.0003214163986262064
30008,correlation_flip,evolution,-0.061907605656503106,-0.05134802676743628,0.0756325639674878,2.683862009959017,13.461307840915255,0.2001620223611319,0.02045057136802117,576,
30008,correlation_flip,random,-0.07941007779039626,-0.05123873262757996,0.09204016118378593,3.172926279124512,22.4105399179867,0.7865255600150436,0.19215253698426016,576,
30008,correlation_flip,hybrid_quality,-0.11759775461574522,-0.0832726190352749,0.10189040942781356,3.62231048026101,24.149751731967918,0.3150234329428573,0.11326306524550764,576,
30008,correlation_flip,hybrid_diverse,-0.09878725558822182,-0.06558424314847466,0.0761096868678964,2.706266814813665,25.281274962862696,0.6183857741753134,0.1868571005355637,576,0.0015243509675905154
30009,correlation_flip,evolution,-0.09348877495866764,-0.06878168244466128,0.0937109115055209,3.4395482768102217,48.86871133352376,0.27585948172607266,0.14693695729270972,576,
30009,correlation_flip,random,-0.04809290247387778,-0.025671987325101803,0.06918459230776164,2.694716223371907,28.59425658233021,0.7348803297482668,0.2633308662407756,576,
30009,correlation_flip,hybrid_quality,-0.055710434222133454,-0.053719690383567865,0.06982637881689284,2.575662400306827,36.369291209532314,0.5305802088856484,0.1420573424827673,576,
30009,correlation_flip,hybrid_diverse,-0.054505930037286945,-0.037966303900127694,0.0649712807134588,2.6572066515020385,34.04866571474377,0.15345543238230078,0.10903193591988863,576,0.0001958927158795254
30010,correlation_flip,evolution,0.014714727862508738,-0.02443905530970146,0.06233803225248505,2.0994200847205358,14.0720778368067,0.16675070643586448,0.038616490814155004,576,
30010,correlation_flip,random,0.04340930090380282,-0.04283047100635793,0.08625876458653337,3.045764061839469,26.725197985869123,0.6575218704978689,0.17794109944229122,576,
30010,correlation_flip,hybrid_quality,-0.0358782153050906,-0.0923611284610261,0.08437784821791586,3.3649764361312027,30.59900634741631,0.22246870871228022,0.05031534806756968,576,
30010,correlation_flip,hybrid_diverse,0.018054690850136015,-0.0384604092174052,0.07153854429474706,2.5559781364790335,21.39201309811664,0.33658255600644527,0.08193010855990862,576,0.007928683990889897
30011,correlation_flip,evolution,-0.02931860236849941,-0.023809217996198853,0.03137356563498421,1.3229559668700352,4.367141239115329,0.14402362018125958,0.009202371540820787,576,
30011,correlation_flip,random,-0.011048390418928406,-0.010328395792532216,0.05511943648856603,1.9678372251153802,8.676091955757249,0.6518382582051248,0.18182383887486483,576,
30011,correlation_flip,hybrid_quality,-0.03245694526195929,-0.02802421840700579,0.04588880564861987,1.8106373693484017,5.828211607613109,0.5725164340250106,0.20077008230454035,576,
30011,correlation_flip,hybrid_diverse,-0.023461722039829998,-0.015107390670412934,0.04579368133538622,1.7527519426173406,5.455890474669906,0.7959406603698477,0.16210978509168547,576,0.003763423375331483
40000,mean_reversion,evolution,-0.21931360989116794,-0.15064285029541646,0.07281903119560243,2.9262215999573233,54.51780195326328,0.2802228370337763,0.0074412234082073744,576,
40000,mean_reversion,random,-0.13978866646752625,-0.11840559009024876,0.04569825295746474,2.1275693446538355,23.931428262316036,0.7308054172458177,0.06660425242346679,576,
40000,mean_reversion,hybrid_quality,-0.18436046031375866,-0.1613559029820144,0.05890089002588591,2.6532209846896264,36.67324507051826,0.0983151360199509,0.024220484581969237,576,
40000,mean_reversion,hybrid_diverse,-0.16437279772657315,-0.13047055463065274,0.0496324681374731,2.1314093796851883,32.87350491935102,0.4443835669743038,0.06736452978741635,576,6.05266082420175e-05
40001,mean_reversion,evolution,0.0932542348763332,0.01578096552851596,0.0969926047052563,3.4972802268688574,25.748380397777694,0.25943018475329077,0.06395967213856443,576,
40001,mean_reversion,random,0.04490340837904269,-0.029718844814385182,0.07559881526107295,2.596265397794946,31.735876555879173,0.7040061992797464,0.11643449552888527,576,
40001,mean_reversion,hybrid_quality,0.06457094277495144,-0.014024731440812819,0.10147024516569479,3.678539220273358,37.5121888754272,0.21714012644751837,0.01321541960117873,576,
40001,mean_reversion,hybrid_diverse,0.03988146999812023,-0.02286449319232819,0.07962062221252837,2.786066498000202,31.249265048821893,0.6660447373107661,0.13005224577272087,576,9.498825965597452e-05
40002,mean_reversion,evolution,-0.1884054874072956,-0.12423232198788665,0.07646436562462793,2.961788983578522,37.05390053600555,0.24343527529099754,0.04786614371792336,576,
40002,mean_reversion,random,-0.109271176982389,-0.060110328600292445,0.062121762675007186,2.2772867443485043,24.901935811981403,0.8297934460369851,0.22699656531833207,576,
40002,mean_reversion,hybrid_quality,-0.10157346899021955,-0.05894143932998056,0.059504831060949157,2.13860993534831,23.176618518434513,0.2120766785825619,0.01730020023952896,576,
40002,mean_reversion,hybrid_diverse,-0.09498071108046521,-0.05870489885101906,0.07040845105410301,2.645996975605658,27.793183037356737,0.42554952927398587,0.09395745939900767,576,0.00047815868103383286
40003,mean_reversion,evolution,-0.040283501296724825,-0.06571666668673096,0.05288797583575001,1.8699309789917646,28.640859998576367,0.2224759375630306,0.07212296403048613,576,
40003,mean_reversion,random,-0.06028316619733019,-0.1104019900447442,0.06710429439655054,2.3531477725945784,27.43310245785396,0.7429038416825483,0.20806444506327865,576,
40003,mean_reversion,hybrid_quality,-0.0815187583119511,-0.09827630244072813,0.05941236153534483,2.1382055833538685,32.73615907315378,0.1819845300439611,0.037843860426003274,576,
40003,mean_reversion,hybrid_diverse,-0.05258224981442326,-0.10107358017408355,0.06304886203698673,2.4084801415274275,25.30660012605324,0.5174236123092074,0.15783436501773337,576,0.00015071864172122237
40004,mean_reversion,evolution,0.04494698563755895,-0.01032920869790278,0.08848348724072305,3.0026505659387843,54.313046029399445,0.2255042156031438,0.2744690590494153,576,
40004,mean_reversion,random,0.12014970204012514,0.08079860417900835,0.08676223395354664,2.7396680776907893,23.04725145144612,0.7873898073788603,0.3095845724577724,576,
40004,mean_reversion,hybrid_quality,0.09612011841388116,0.042990806863706,0.09034723621815709,2.7214703816252035,40.70008948209485,0.15313295679329084,0.01687119488047452,576,
40004,mean_reversion,hybrid_diverse,0.11289638269620941,0.07144074422931182,0.09226773974987412,2.864045232812293,22.084489620370043,0.7264257109919297,0.30211659402017904,576,0.010850469258630827
40005,mean_reversion,evolution,-0.014619028793812784,-0.018525055816970098,0.07161197703201186,2.7292752230496093,37.64933518414398,0.21384150490131862,0.07597554762462695,576,
40005,mean_reversion,random,0.022397223284161237,-0.011357844121147606,0.07186415957579943,2.565626392907216,31.284680923123286,0.8746040830491487,0.20625600066988053,576,
40005,mean_reversion,hybrid_quality,-0.007876562095269192,-0.03340617992806463,0.05821453955476475,2.1880463805371693,29.384834209595844,0.44368036293388374,0.10094021274279712,576,
40005,mean_reversion,hybrid_diverse,-0.003655939617725732,-0.0182576275495522,0.07664503511235009,2.8970135882864394,38.5912572113385,0.5795151924445029,0.2119486568619423,576,0.0010895468716240928
40006,mean_reversion,evolution,-0.008065199856065783,-0.033491531968744284,0.08226391156924008,2.5816584871042005,50.61089749669254,0.14214701190194245,0.07985635830909325,576,
40006,mean_reversion,random,0.021081883373134127,-0.03526270688206273,0.07499835077903995,2.467738346818767,25.935693252890285,0.8642183936196972,0.24085049856348487,576,
40006,mean_reversion,hybrid_quality,0.006862682295927677,-0.03655857450846912,0.07097207140741017,2.415419922682177,22.050269280032435,0.8394587667347546,0.19014737267033155,576,
40006,mean_reversion,hybrid_diverse,0.011739228833758934,-0.041440912611730774,0.0684020533841933,2.2808548381858262,23.893127961751784,0.593721323419647,0.1810343921128507,576,0.003373818687958007
40007,mean_reversion,evolution,-0.08693045716102368,-0.059390871119656845,0.046694052431642485,1.757365767945697,29.239800408722587,0.046299897758335165,0.00014896808820005344,576,
40007,mean_reversion,random,-0.11644366030600377,-0.08151737785235737,0.057312315159792154,2.1628635106113765,24.213378925039734,0.7507736694592705,0.18872968773772747,576,
40007,mean_reversion,hybrid_quality,-0.069244124441435,-0.06497674975008046,0.053828086143584496,1.9025510655823739,18.247951231232474,0.14586621051450258,0.022504182635910128,576,
40007,mean_reversion,hybrid_diverse,-0.09065619808338302,-0.07074775151387379,0.048293132528491295,1.7859706839236633,20.29449940371077,0.22588395574044062,0.020239249074457445,576,0.002729820725232479
40008,mean_reversion,evolution,-0.10541299451639656,-0.053246128586247804,0.04334438557231217,1.7105600507188066,23.193511174976756,0.23238516477035312,0.04560916201991861,576,
40008,mean_reversion,random,-0.13422562265496105,-0.049056990749366966,0.05147574397987729,1.9038509506297907,20.7818928470517,0.6968662392084372,0.22054919302257495,576,
40008,mean_reversion,hybrid_quality,-0.1340254835791759,-0.04624707780008747,0.05374425235038608,1.9535462609792922,19.084517099753324,0.6502832032397389,0.19163038864376714,576,
40008,mean_reversion,hybrid_diverse,-0.10510915746295987,-0.029162007753519823,0.04856422114362021,1.9197724986838864,17.686934972615635,0.29387901209295947,0.09132681523159217,576,0.0006416934966449878
40009,mean_reversion,evolution,-0.002488925993697537,-0.007382724769967977,0.07922306456162147,2.354403878965418,31.779140077768872,0.212130251871241,0.01999192153111526,576,
40009,mean_reversion,random,-0.024812749197353753,-0.03567143036567963,0.07597311348456039,2.2292440661299655,30.875355166060668,0.7868672672629811,0.18216283453801563,576,
40009,mean_reversion,hybrid_quality,-0.012563935317509808,-0.01886645831696533,0.06849912846677957,2.226279141135864,28.24660509622748,0.5329771751447555,0.13331471526642036,576,
40009,mean_reversion,hybrid_diverse,-7.724487377773134e-05,-0.019429231021409164,0.06737842140677695,2.2392405902639014,21.505746005131027,0.5843175795301949,0.13858288871651303,576,8.51837980470416e-05
40010,mean_reversion,evolution,0.0026560264189011973,0.023347177101719123,0.07439025752979381,2.416555022379947,23.94210917778653,0.21983749776620148,0.0006798397496493513,576,
40010,mean_reversion,random,-0.004961112422985983,0.023549864644815177,0.08375467495592073,2.7437680208493926,24.307743578942663,0.6379272467008612,0.11331509213846604,576,
40010,mean_reversion,hybrid_quality,-0.006725452324083461,0.03281480511405647,0.08957392369425195,2.872612259532778,29.33932891956861,0.13552177330826773,0.026251030785902275,576,
40010,mean_reversion,hybrid_diverse,-0.023803900942563152,0.016126244531160232,0.08356466034312444,2.7823808782738193,27.82389255989668,0.2682799718111117,0.045410508286511164,576,0.006737439843648704
40011,mean_reversion,evolution,-0.07323871802573056,-0.06472224771249448,0.06593674564117626,2.4701360273929813,21.528114039297716,0.08924226049830916,0.005971015932279162,576,
40011,mean_reversion,random,-0.08557097339687311,-0.06092146167795435,0.070888374819251,2.5890646112324824,27.585825628734625,0.7560784553011056,0.22084297924838772,576,
40011,mean_reversion,hybrid_quality,-0.08714314428621885,-0.05734623543873518,0.05969615278015398,2.2672697003865316,21.56439091823996,0.5121508674330805,0.1838595275456103,576,
40011,mean_reversion,hybrid_diverse,-0.07814732653506459,-0.04936969633411548,0.061577522794209964,2.3599331211142087,23.654593333883632,0.8043927618181415,0.2061095872061908,576,0.0011840496721749194
