signalname,is_mean_ew,pp_mean_ew,is_n_ew,pp_n_ew,is_mean_vw,pp_mean_vw,is_n_vw,pp_n_vw,Acronym,Predictability in OP,Year,decay_ew,decay_vw,decay_diff_vw_minus_ew,levels_did
AM,0.6414434572736049,0.6629001407527397,336.0,384.0,0.13371838996945046,-0.0036292586434744346,336.0,384.0,AM,1_clear,1992,-0.03345062333371439,1.0271410584909344,1.0605916818246488,-0.15880433209205977
AOP,0.4641156036711808,0.009209512525099292,210.0,312.0,0.11080627927043084,-0.043306000257199426,210.0,312.0,AOP,2_likely,1998,0.9801568564981408,1.3908262288232598,0.410669372325119,0.3007938116184513
AbnormalAccruals,0.5331654459476943,-0.12792889754196307,246.0,276.0,0.5712057118738966,0.07653172678741683,246.0,276.0,AbnormalAccruals,1_clear,2001,1.2399422140243377,0.8660172242739889,-0.3739249897503488,0.1664203584031777
Accruals,0.6864724185765431,0.09953759198926482,360.0,336.0,0.5411029180615331,0.10438523364948199,360.0,336.0,Accruals,1_clear,1996,0.8550013237302903,0.8070880230632733,-0.047913300667016934,0.15021714217522714
Activism1,0.3692442855294586,0.028630170365475376,135.0,14.0,0.3692442855294586,0.028630170365475376,135.0,14.0,Activism1,1_clear,2005,0.9224627936369478,0.9224627936369478,0.0,0.0
Activism2,0.7079593848573194,0.40000415764054376,135.0,14.0,0.7079593848573194,0.40000415764054376,135.0,14.0,Activism2,2_likely,2005,0.434989963836471,0.434989963836471,0.0,0.0
AdExp,0.9273729606788875,0.33819456101385753,264.0,276.0,0.7165259858623887,0.14389762602221348,264.0,276.0,AdExp,2_likely,2001,0.6353197954291435,0.7991731927921321,0.16385339736298854,0.0165500398248547
AgeIPO,2.2421292616279196,0.9025235457361058,84.0,396.0,0.8357748829787003,0.9930353662448428,84.0,396.0,AgeIPO,2_likely,1991,0.5974703326957965,-0.18816129375133459,-0.7856316264471311,1.4968661991579562
AnalystRevision,1.2787047410564656,0.5749652669238074,58.0,480.0,0.6130454236173255,0.38360340326908854,58.0,480.0,AnalystRevision,1_clear,1984,0.5503533783344142,0.3742659377414405,-0.1760874405929737,0.4742974537844212
AnnouncementReturn,1.496554511730016,1.0319464957643834,192.0,336.0,1.4087979038699519,0.9876847465039023,192.0,336.0,AnnouncementReturn,1_clear,1996,0.31045178262738066,0.2989166552628,-0.011535127364580677,0.04349485859958313
AssetGrowth,1.4946683643990843,0.6665266413115017,432.0,192.0,0.8617541694820156,-0.03883320963565072,432.0,192.0,AssetGrowth,1_clear,2008,0.5540638597917527,1.0450629785278471,0.4909991187360945,-0.07244565603008368
BM,1.1743970284630216,0.6117616944075415,180.0,528.0,0.6223189154281329,0.4874372063931612,180.0,528.0,BM,1_clear,1980,0.479084432623116,0.21674049380642396,-0.26234393881669205,0.42775362502050845
BMdec,1.165663468402102,0.6371121872597766,336.0,384.0,0.6213346145353388,-0.14965192618899478,336.0,384.0,BMdec,1_clear,1992,0.45343385588540963,1.2408556077322541,0.7874217518468445,-0.24243525958200807
BPEBM,0.17047230455926762,0.03927735508475332,468.0,204.0,0.15620337416581062,0.13119648133011977,468.0,204.0,BPEBM,1_clear,2007,0.7695968551237724,0.1600918864220303,-0.6095049687017421,0.10618805663882344
Beta,0.6729265851924022,0.35081881261619025,480.0,612.0,0.47385774818048143,0.19296163001200217,480.0,612.0,Beta,2_likely,1973,0.4786670339144282,0.5927857447663648,0.11411871085193659,0.04121165440773272
BetaLiquidityPS,0.37018126041975513,-0.006675714350313062,384.0,252.0,0.37018126041975513,-0.006675714350313062,384.0,252.0,BetaLiquidityPS,1_clear,2003,1.0180336366642204,1.0180336366642204,0.0,0.0
BetaTailRisk,0.5879409676071201,0.2637826369033159,576.0,120.0,0.5995461817674077,1.3737171302401008,576.0,120.0,BetaTailRisk,1_clear,2014,0.5513450304766253,-1.2912615775327054,-1.8426066080093308,1.0983292791764974
BidAskSpread,0.8406482441772486,0.10424113583468775,240.0,456.0,0.20712696170213146,-0.9146533199541274,240.0,456.0,BidAskSpread,2_likely,1986,0.8759991036004486,5.415906613208024,4.539907509607575,-0.3853731733136979
BrandInvest,0.3809043635331285,-0.4562835572983561,432.0,120.0,0.2187971282717013,-0.6866463262860462,432.0,120.0,BrandInvest,2_likely,2014,2.197895327493857,4.138278512656582,1.940383185162725,-0.06825553372626281
CBOperProf,0.4815079188202243,0.5679045131635518,624.0,96.0,0.4815079188202243,0.5679045131635518,624.0,96.0,CBOperProf,1_clear,2016,-0.17942922840192072,-0.17942922840192072,0.0,0.0
CF,0.8275561872491719,0.3850356806983065,276.0,360.0,0.7335520794323629,0.2988710379058589,276.0,360.0,CF,1_clear,1994,0.5347316754670403,0.5925701169886517,0.05783844152161144,0.007839465024361392
CPVolSpread,1.604089484186925,0.8852126191319172,107.0,157.0,1.604089484186925,0.8852126191319172,107.0,157.0,CPVolSpread,1_clear,2009,0.44815259506509986,0.44815259506509986,0.0,0.0
Cash,0.7153460915989154,-0.12558129075447577,456.0,144.0,0.3690455229049823,0.6615198863106163,456.0,144.0,Cash,1_clear,2012,1.175553193383333,-0.7925156796467545,-1.9680688730300875,1.133401745759025
ChAssetTurnover,0.26326140495468014,0.05228420196543504,228.0,192.0,0.27979557987346604,-0.23187284723778415,228.0,192.0,ChAssetTurnover,1_clear,2008,0.801398150350084,1.8287223384395337,1.0273241880894497,-0.30069122412200505
ChEQ,0.7308841782746559,0.4858225202098847,528.0,168.0,0.5399180899456281,0.1287835859636019,528.0,168.0,ChEQ,1_clear,2010,0.3352947913625249,0.7614756972181264,0.4261809058556015,-0.16607284591725496
ChInv,0.7903739373762794,0.25000421999325817,336.0,264.0,0.45922807443982155,0.27662899458552276,336.0,264.0,ChInv,1_clear,2002,0.6836886843420334,0.39762177013467204,-0.2860669142073614,0.3577706375287224
ChInvIA,0.6929739358933559,0.36815537780537483,180.0,312.0,0.3094600343402598,0.32213406619550594,180.0,312.0,ChInvIA,1_clear,1998,0.4687312772726974,-0.04095531069873365,-0.5096865879714311,0.3374925899432272
ChNNCOA,0.5231039224306329,-0.045955093837496686,228.0,192.0,0.1048237358593576,-0.24755355608408183,228.0,192.0,ChNNCOA,1_clear,2008,1.0878507919114113,3.3616173765856368,2.2737665846742257,0.21668172432469007
ChNWC,0.22230298093607923,0.05243487778013281,228.0,192.0,0.4356184091010233,0.17736014307620016,228.0,192.0,ChNWC,1_clear,2008,0.7641287689470531,0.5928543436853034,-0.17127442526174963,-0.08839016286887674
ChTax,1.0547898262472477,0.4255135064152096,360.0,156.0,0.3678663287566292,-0.025874717721545145,360.0,156.0,ChTax,1_clear,2011,0.5965892959651402,1.0703372820475319,0.47374798608239166,0.23553527335386376
CompEquIss,0.3293895593257236,0.5047781789092146,432.0,216.0,0.3589184634044076,0.7845880362269495,432.0,216.0,CompEquIss,1_clear,2006,-0.5324656310980834,-1.1859784776324622,-0.6535128465343788,0.2502809532390509
CoskewACX,0.3598430368892006,0.508395343396355,468.0,216.0,0.12884711226277512,0.19365945490957484,468.0,216.0,CoskewACX,1_clear,2006,-0.4128252912474589,-0.5030174251373151,-0.09019213388985614,-0.08373996386035462
Coskewness,0.40606693692198015,0.41753627373816615,360.0,288.0,0.40606693692198015,0.41753627373816615,360.0,288.0,Coskewness,2_likely,2000,-0.028244941346676718,-0.028244941346676718,0.0,0.0
CustomerMomentum,0.8941233554239989,0.464369908561374,300.0,192.0,0.8941233554239989,0.464369908561374,300.0,192.0,CustomerMomentum,1_clear,2008,0.4806422338211187,0.4806422338211187,0.0,0.0
DelBreadth,0.6832617355122175,0.2988572076359689,222.0,264.0,0.13289592947955298,0.10667252886092489,222.0,264.0,DelBreadth,1_clear,2002,0.5626021594610064,0.19732282787986183,-0.3652793315811446,0.35818112725762047
DelCOA,0.7985178088393502,0.2735318020725716,480.0,228.0,0.5091657441466336,-0.2648536991282523,480.0,228.0,DelCOA,1_clear,2005,0.6574505927799513,1.520171873644307,0.8627212808643557,-0.24903343650810728
DelDRC,0.7542165123575437,0.30993930733537006,72.0,132.0,0.39966854726080386,0.3201118025872378,72.0,132.0,DelDRC,2_likely,2013,0.589057913401344,0.19905680649333474,-0.3900011069080092,0.3647204603486076
DelEqu,0.6954908724062248,0.4476413774721582,468.0,228.0,0.5614971979305889,0.18122914222068795,468.0,228.0,DelEqu,1_clear,2005,0.3563662799435012,0.6772394539302917,0.32087317398679055,-0.13241856077583442
DelFINL,0.851897847078952,0.20968604264836113,480.0,228.0,0.33090504418470984,-0.16882012903976437,480.0,228.0,DelFINL,1_clear,2005,0.7538601096747133,1.5101769586369003,0.756316848962187,0.1424866312061167
DelLTI,0.258233466855863,0.20387578875890175,480.0,228.0,0.11563895962894741,0.3029464684293465,480.0,228.0,DelLTI,1_clear,2005,0.21049819281286977,-1.6197612759697575,-1.8302594687826272,0.24166518689736038
DelNetFin,0.6259490160140536,-0.09689201097665183,480.0,228.0,0.39746971716727514,0.023433975605167325,480.0,228.0,DelNetFin,1_clear,2005,1.1547921771546907,0.9410421106488847,-0.21375006650580608,0.34880528542859757
DolVol,1.0326937843472115,0.5300104978374647,360.0,312.0,0.20104320827642208,-0.09042402693415062,360.0,312.0,DolVol,1_clear,1998,0.48676896687966803,1.4497740943818562,0.9630051275021883,0.2112160512991741
EBM,0.30053763603815226,0.21421941198297456,468.0,204.0,0.3056120635674824,0.07177112209826983,468.0,204.0,EBM,1_clear,2007,0.2872126938677986,0.7651561222405018,0.4779434283727032,-0.14752271741403486
EP,0.3609978636862023,0.20904403867704618,180.0,564.0,0.19061411635272035,0.2582382357946424,180.0,564.0,EP,1_clear,1977,0.42092721396612504,-0.3547697344554877,-0.7756969484216127,0.21957794445107814
EarnSupBig,0.4207017686027799,0.5142833452411598,360.0,204.0,0.30652321438965413,0.013250255982638928,360.0,204.0,EarnSupBig,1_clear,2007,-0.22244160500960047,0.9567724225748361,1.1792140275844365,-0.38685453504539513
EarningsForecastDisparity,0.930381423367073,0.5098755801087365,288.0,156.0,0.27796856809846787,1.2381622418912717,288.0,156.0,EarningsForecastDisparity,1_clear,2011,0.4519714524571177,-3.454324639513428,-3.906296091970546,1.3806995170511405
EarningsStreak,1.339737192600321,0.7710241362521294,276.0,144.0,0.7417117787612404,0.5866747346518375,276.0,144.0,EarningsStreak,1_clear,2012,0.4244959828609115,0.20902599709058936,-0.21546998577032214,0.4136760122387887
EarningsSurprise,1.1304228101146432,0.40025420258557626,96.0,480.0,0.6090198420538865,-0.06005884555318732,96.0,480.0,EarningsSurprise,1_clear,1984,0.6459252246113258,1.098615580981142,0.45269035636981614,0.0610899199219932
EntMult,0.8599385999229121,0.28140018311189646,564.0,156.0,0.5169683765548302,-0.5689450383396129,564.0,156.0,EntMult,1_clear,2011,0.6727671218187878,2.100541279006589,1.4277741571878013,-0.5073749980834272
EquityDuration,0.879665514354472,0.6476320341138213,426.0,240.0,0.879665514354472,0.6476320341138213,426.0,240.0,EquityDuration,1_clear,2004,0.26377466941048,0.26377466941048,0.0,0.0
FEPS,1.4786249733904058,0.6445276782960143,240.0,216.0,0.920311274756712,0.7785282451983088,240.0,216.0,FEPS,1_clear,2006,0.5641033460850132,0.15405986370848732,-0.4100434823765259,0.6923142655359882
FR,0.29796253736246475,-0.444335098843644,258.0,216.0,0.17645197880027122,-0.30999061252202115,258.0,216.0,FR,2_likely,2006,2.4912448483519265,2.756798731471889,0.26555388311996264,0.2558550448838164
FirmAgeMom,2.983230027052638,1.124509043166392,228.0,216.0,3.089467133298558,1.6425487686355922,228.0,216.0,FirmAgeMom,1_clear,2006,0.6230565417453308,0.4683391349491788,-0.15471740679615198,0.41180261922328043
ForecastDispersion,0.9935865230172519,0.26876603193719034,299.0,264.0,0.4781321988467565,0.25960307563400936,299.0,264.0,ForecastDispersion,1_clear,2002,0.7294991168750748,0.45704749385177196,-0.2724516230233029,0.5062913678673144
Frontier,2.0801046901959825,0.48646468679952415,288.0,180.0,0.33197685801002735,-0.2542966256689413,288.0,180.0,Frontier,1_clear,2009,0.7661345176075294,1.7660070861362882,0.9998725685287588,1.0073665197174897
GP,0.524210847123344,0.7596679136598529,576.0,132.0,0.524210847123344,0.7596679136598529,576.0,132.0,GP,1_clear,2013,-0.4491648118855257,-0.4491648118855257,0.0,0.0
GrAdExp,0.4054591094938897,0.11041554345181082,444.0,120.0,0.42882302197937766,-0.0058337840961703025,444.0,120.0,GrAdExp,1_clear,2014,0.7276777340392329,1.013604176541741,0.2859264425025081,-0.1396132400334691
GrLTNOA,0.36912810663643353,-0.04699287964587776,360.0,252.0,0.19448307406995305,-0.17928021626423188,360.0,252.0,GrLTNOA,2_likely,2003,1.1273077796055304,1.921829404032081,0.7945216244265505,0.042357695948126384
GrSaleToGrInv,0.22222757724032344,-0.023672690066411935,180.0,312.0,0.3578622252552054,0.05322939895940562,180.0,312.0,GrSaleToGrInv,2_likely,1998,1.1065245383151145,0.8512572850586685,-0.25526725325644606,-0.05873255898906443
Herf,0.14112514712269797,-0.46631982548989215,468.0,216.0,0.16515774492935106,-0.024920278275873856,468.0,216.0,Herf,1_clear,2006,4.304300013125664,1.1508877363670347,-3.153412276758629,0.4173669494073652
HerfAsset,0.2027637303642991,-0.33145423213133446,468.0,216.0,0.12363380957107685,0.010880757616363677,468.0,216.0,HerfAsset,2_likely,2006,2.6346820584520776,0.9119920541629162,-1.7226900042891615,0.4214649105409204
HerfBE,0.2710390098885401,-0.3870138688665042,468.0,216.0,0.20816277180052667,-0.05539284338535424,468.0,216.0,HerfBE,1_clear,2006,2.4278899152769804,1.2661035059546324,-1.161786409322348,0.39449726356916337
High52,0.586955917100027,0.3840981868452218,468.0,240.0,0.610711806724245,-0.24499453492913098,468.0,240.0,High52,2_likely,2004,0.34560982238166094,1.401162270373059,1.0555524479913982,-0.6528486113985706
IO_ShortInterest,3.9382850778456517,4.065939332706768,276.0,228.0,2.8088304761846468,3.6154685219705973,276.0,228.0,IO_ShortInterest,2_likely,2005,-0.0324136654248876,-0.28717932699222243,-0.2547656615673348,0.6789837909248342
IdioVol3F,1.6729834949019626,0.5197444001211269,456.0,216.0,1.6729834949019626,0.5197444001211269,456.0,216.0,IdioVol3F,1_clear,2006,0.6893308262126137,0.6893308262126137,0.0,0.0
IdioVolAHT,1.028985301905803,0.4756836106417045,264.0,252.0,1.028985301905803,0.4756836106417045,264.0,252.0,IdioVolAHT,1_clear,2003,0.5377158354344985,0.5377158354344985,0.0,0.0
Illiquidity,0.5074628356234993,0.16286833389698166,408.0,264.0,0.4312648496390111,0.0965476674131323,408.0,264.0,Illiquidity,1_clear,2002,0.6790536715917889,0.7761290596858352,0.09707538809404637,0.009877319500638804
IndMom,0.45060771176570624,0.22062580302159668,396.0,300.0,0.28329620390566934,0.05870626279373609,396.0,300.0,IndMom,1_clear,1999,0.5103816529080816,0.7927742695299799,0.2823926166218983,0.005391967632176309
IndRetBig,2.8034162602383748,0.42959476070394964,360.0,204.0,2.7760219062267493,0.14552740692078717,360.0,204.0,IndRetBig,1_clear,2007,0.8467602664659506,0.9475769962065637,0.10081672974061306,-0.2566729997715371
IntMom,1.2409349231874691,0.6754164563153027,1008.0,144.0,1.2409349231874691,0.6754164563153027,1008.0,144.0,IntMom,1_clear,2012,0.45571968062561574,0.45571968062561574,0.0,0.0
IntanBM,0.40373476503518324,0.007068652654676735,432.0,216.0,0.45848579385673854,-0.8418101618565194,432.0,216.0,IntanBM,1_clear,2006,0.982491840517968,2.836065965698289,1.8535741251803208,-0.9036298433327513
IntanCFP,0.4820669676222688,0.2896117196439648,432.0,216.0,0.448567877069792,-0.6670253593801747,432.0,216.0,IntanCFP,1_clear,2006,0.39922927913431594,2.4870109820110753,2.087781702876759,-0.9231379884716628
IntanEP,0.35347815145041284,0.3309427671778245,432.0,216.0,0.23941226961778456,-0.44239124157238857,432.0,216.0,IntanEP,1_clear,2006,0.06375325937436242,2.847821927751049,2.7840686683766864,-0.6592681269175849
InvGrowth,0.8608265839187778,0.44558078624198605,540.0,144.0,0.5970448746999073,-0.07576316309751768,540.0,144.0,InvGrowth,1_clear,2012,0.4823803137984546,1.1268969323882039,0.6445166185897493,-0.25756224012063333
InvestPPEInv,1.4187693357201043,0.62659800215568,432.0,192.0,0.7768297834403404,0.11193799424487678,432.0,192.0,InvestPPEInv,1_clear,2008,0.5583510396088124,0.855904090405574,0.29755305079676164,0.12727954436896083
Investment,0.34968257591421065,0.20656393819265312,288.0,240.0,0.34968257591421065,0.20656393819265312,288.0,240.0,Investment,1_clear,2004,0.40928158158120387,0.40928158158120387,0.0,0.0
LRreversal,1.0920602613551715,0.5204507999329127,648.0,468.0,0.3679190898236577,0.20008212981235687,648.0,468.0,LRreversal,1_clear,1985,0.5234230029695714,0.45617899329916384,-0.06724400967040761,0.4037725014109581
Leverage,0.4873188964762887,0.4808082227306329,360.0,432.0,0.3522077080420336,0.04575134552771001,360.0,432.0,Leverage,1_clear,1988,0.013360191432618844,0.8701012371874329,0.8567410457548141,-0.29994568876866784
MRreversal,0.4712986742493556,0.40924257979978723,576.0,468.0,0.3539417664542204,0.3681490598428518,576.0,468.0,MRreversal,2_likely,1985,0.13167042013942867,-0.04014020026785683,-0.1718106204072855,0.0762633878381998
MaxRet,0.8861230012349923,0.19944457987192324,528.0,156.0,0.8861230012349923,0.19944457987192324,528.0,156.0,MaxRet,1_clear,2011,0.7749244973960085,0.7749244973960085,0.0,0.0
MeanRankRevGrowth,0.662630243440091,0.14819196095372458,276.0,360.0,0.6219703264724803,-0.11448828311410375,276.0,360.0,MeanRankRevGrowth,1_clear,1994,0.7763579878509986,1.1840735453786466,0.407715557527648,-0.22202032710021757
Mom12m,1.3406960070664518,0.8531742264188287,312.0,372.0,2.2109248776134924,1.2122233370735929,312.0,372.0,Mom12m,1_clear,1993,0.36363335019872184,0.45171210955747804,0.0880787593587562,-0.5111797598922765
Mom12mOffSeason,1.352855615923714,0.8800918325834889,456.0,192.0,1.3867917396863487,0.8439873726944992,456.0,192.0,Mom12mOffSeason,1_clear,2008,0.3494562004811042,0.3914101529870778,0.04195395250597361,-0.07004058365162447
Mom6m,1.0166762570459411,1.039263360052881,312.0,372.0,1.530028089012763,1.3701922978010854,312.0,372.0,Mom6m,1_clear,1993,-0.022216613056912495,0.10446591952100062,0.12668253257791312,-0.18242289421861746
Mom6mJunk,2.0904243449440734,0.4533777237509893,228.0,204.0,1.5067494084331234,1.077959262564673,228.0,204.0,Mom6mJunk,1_clear,2007,0.7831168944967876,0.284579601271821,-0.49853729322496654,1.2082564753246336
MomOffSeason,1.2327521969055506,0.41561520222531456,456.0,192.0,0.8325455778982674,0.30841733033138624,456.0,192.0,MomOffSeason,1_clear,2008,0.6628558413697496,0.6295490138690362,-0.033306827500713454,0.2930087471133549
MomOffSeason06YrPlus,0.6049775397366829,0.5309497336969622,456.0,192.0,0.5074949018895812,0.5103906164263722,456.0,192.0,MomOffSeason06YrPlus,1_clear,2008,0.12236455269387585,-0.005705898770626423,-0.12807045146450227,0.07692352057651164
MomOffSeason11YrPlus,0.17540003840084434,0.043224415201039736,456.0,192.0,0.29558520339222843,-0.08804486758939555,456.0,192.0,MomOffSeason11YrPlus,2_likely,2008,0.7535666719624181,1.2978662889040624,0.5442996169416443,-0.25145444778181936
MomOffSeason16YrPlus,0.34956825408201264,0.22082803185815117,456.0,192.0,0.30372248596359525,-0.06145272366326435,456.0,192.0,MomOffSeason16YrPlus,1_clear,2008,0.36828350606933996,1.2023318209986933,0.8340483149293534,-0.2364349874029981
MomSeason,0.8125412991394375,-0.06357680263619597,456.0,192.0,0.9282732582916638,-0.6333655811759478,456.0,192.0,MomSeason,1_clear,2008,1.078244395335388,1.6823051030701395,0.6040607077347515,-0.6855207376919783
MomSeason06YrPlus,0.7463792467631403,0.079715769569641,456.0,192.0,0.8727373348802258,0.24366660965125123,456.0,192.0,MomSeason06YrPlus,1_clear,2008,0.8931966960290653,0.720801895469853,-0.1723948005592123,0.03759275196452472
MomSeason11YrPlus,0.7490963309555085,0.1611407314089829,456.0,192.0,0.7566736162998434,-0.003486160713026714,456.0,192.0,MomSeason11YrPlus,1_clear,2008,0.784886502910193,1.0046072185390502,0.2197207156288572,-0.17220417746634453
MomSeason16YrPlus,0.5855347847426619,0.45720422243607334,456.0,192.0,0.41638516318192087,0.7325883480357646,456.0,192.0,MomSeason16YrPlus,1_clear,2008,0.219168127411916,-0.7594007011140617,-0.9785688285259777,0.4445337471604322
MomSeasonShort,1.3607244373766851,0.12004061941000742,456.0,192.0,0.9794092540720798,-0.16577654545497844,456.0,192.0,MomSeasonShort,1_clear,2008,0.9117818302422558,1.1692617715890787,0.25747994134682295,0.09549801843961947
NOA,1.0838061346863117,0.01799705389406672,468.0,240.0,0.8407408865684505,0.2844186181411212,468.0,240.0,NOA,1_clear,2004,0.9833945820031036,0.6617047859989325,-0.32168979600417114,0.5094868123649157
NetDebtFinance,0.7185302878634665,0.36343320162586495,342.0,216.0,0.1777855298803281,-0.4142446937062003,342.0,216.0,NetDebtFinance,1_clear,2006,0.49419918997913737,3.3300248000219073,2.83582561004277,-0.2369331373489269
NetEquityFinance,0.7116735997307342,1.0197717461498654,342.0,216.0,0.4777883521543477,0.3753733316162304,342.0,216.0,NetEquityFinance,1_clear,2006,-0.4329205783883257,0.21435227559719272,0.6472728539855184,-0.41051316695724854
NetPayoutYield,0.8833968202277976,1.49354706742342,240.0,204.0,0.7542374475132542,0.7993978180602503,240.0,204.0,NetPayoutYield,1_clear,2007,-0.6906864879118373,-0.05987553481452215,0.6308109530973152,-0.5649898766486261
NumEarnIncrease,0.4541261291745103,0.3022395017160586,276.0,144.0,0.15938686573346716,0.014674163711648635,276.0,144.0,NumEarnIncrease,2_likely,2012,0.3344591242405369,0.9079336704180673,0.5734745461775304,0.007173925436633144
OPLeverage,0.3318269214178378,-0.2810967864337132,552.0,156.0,0.39797602828199785,0.06216816721116718,552.0,156.0,OPLeverage,1_clear,2011,1.8471186883590889,0.8437891661979298,-1.0033295221611591,0.2771158467807204
OperProf,0.8223827813112524,0.5523420001939624,324.0,216.0,0.48882948775510626,0.46004909817254136,324.0,216.0,OperProf,2_likely,2006,0.328363855924515,0.05887613227822152,-0.2694877236462935,0.24126039153472512
OperProfRD,0.3231087467644222,0.9756887727587079,618.0,96.0,0.3231087467644222,0.9756887727587079,618.0,96.0,OperProfRD,2_likely,2016,-2.0196916132081077,-2.0196916132081077,0.0,0.0
OptionVolume1,0.879964869305148,0.195408082744158,178.0,129.0,0.49401795043804275,-0.3332718886969603,178.0,129.0,OptionVolume1,1_clear,2012,0.777936495466621,1.6746149373751502,0.8966784419085292,-0.14273305257401303
OptionVolume2,0.5179006359140347,-0.08170247950090564,177.0,129.0,0.5196558022523794,0.07752221422022514,177.0,129.0,OptionVolume2,2_likely,2012,1.157757055765553,0.8508200738176782,-0.3069369819478748,0.15746952738278613
OrderBacklog,0.35993459539280315,-0.5312948772846953,228.0,252.0,0.4970397458614452,-0.12332491434344016,228.0,252.0,OrderBacklog,1_clear,2003,2.4760872783147825,1.2481188182037624,-1.2279684601110201,0.27086481247261307
OrgCap,0.5633968469980396,0.4056234573927422,468.0,132.0,0.5633968469980396,0.4056234573927422,468.0,132.0,OrgCap,1_clear,2013,0.28003953242898855,0.28003953242898855,0.0,0.0
PS,1.0480293709852773,0.5949707941048267,252.0,288.0,1.0480293709852773,0.5949707941048267,252.0,288.0,PS,1_clear,2000,0.43229568695629156,0.43229568695629156,0.0,0.0
PayoutYield,0.4326195010725782,0.20123207523050776,240.0,204.0,0.23846963127430476,0.6268154908375925,240.0,204.0,PayoutYield,1_clear,2007,0.5348520472803463,-1.6284918858979769,-2.1633439331783233,0.6197332854053581
PctTotAcc,0.49579007185719315,0.38814211127382864,240.0,156.0,0.1751502738982359,0.17229879869385883,240.0,156.0,PctTotAcc,1_clear,2011,0.21712407467161085,0.01628016411800646,-0.2008439105536044,0.10479648537898745
PredictedFE,0.5651547965228517,-0.07736551145471243,126.0,312.0,0.238585083446239,-0.18346184781050182,126.0,312.0,PredictedFE,2_likely,1998,1.1368926034614026,1.7689577452223317,0.6320651417609291,0.2204733767208233
Price,1.950740993625884,1.0301106609314266,480.0,612.0,1.136189836598773,-0.04780861434736719,480.0,612.0,Price,1_clear,1973,0.4719387841351825,1.0420780161970857,0.5701392320619032,-0.26336811825168294
RDAbility,0.28345383177227085,0.123751488191255,360.0,132.0,0.4305723512641438,-0.5971738727600476,360.0,132.0,RDAbility,1_clear,2013,0.5634157160003469,2.386930375363788,1.823514659363441,-0.8680438804431756
RDS,0.29708017125876673,-0.08259676008953071,336.0,156.0,0.2157200772318352,-0.14797758662485508,336.0,156.0,RDS,1_clear,2011,1.2780285191689424,1.68597039517014,0.40794187600119747,0.015979267491607163
RDcap,0.5515825773050566,-0.6302521943235292,330.0,156.0,0.5515825773050566,-0.6302521943235292,330.0,156.0,RDcap,1_clear,2011,2.1426252754444124,2.1426252754444124,0.0,0.0
REV6,1.4423982916563594,0.7983667544611049,192.0,336.0,0.6985571991833738,0.459194781547919,192.0,336.0,REV6,1_clear,1996,0.4465004852825284,0.34265256719889775,-0.10384791808363064,0.4046691195597996
RIVolSpread,1.394250929513628,-0.004642336327663326,107.0,157.0,1.394250929513628,-0.004642336327663326,107.0,157.0,RIVolSpread,1_clear,2009,1.0033296275651635,1.0033296275651635,0.0,0.0
RealizedVol,1.3420644601021532,0.33633396822137734,456.0,216.0,1.3420644601021532,0.33633396822137734,456.0,216.0,RealizedVol,1_clear,2006,0.7493906006602866,0.7493906006602866,0.0,0.0
ResidualMomentum,0.9503154714338249,0.3261864293680202,955.0,156.0,0.7250549743528563,-0.021295304987004514,955.0,156.0,ResidualMomentum,1_clear,2011,0.6567598453639043,1.0293706073887867,0.3726107620248824,-0.1222212372740561
SP,0.9005949682512208,1.142797627973513,156.0,336.0,0.6395290173909692,0.6835093548314757,156.0,336.0,SP,2_likely,1996,-0.26893627908292944,-0.06876988571985239,0.20016639336307707,-0.19822232228178582
STreversal,2.9679188578960907,1.6089490651773635,648.0,408.0,1.2325852326481077,-0.04504416971347839,648.0,408.0,STreversal,1_clear,1990,0.4578864375295215,1.0365444664761274,0.5786580289466059,0.08134039035714102
ShareIss1Y,1.0747460074130668,1.2318370474355456,408.0,192.0,0.8073485392669235,0.8145165828188867,408.0,192.0,ShareIss1Y,1_clear,2008,-0.1461657349168477,-0.00887849943776678,0.13728723547908092,-0.14992299647051555
ShareIss5Y,0.8553096469260087,1.3603839310442214,432.0,216.0,0.7828168331230257,0.5904541590773971,432.0,216.0,ShareIss5Y,1_clear,2006,-0.590516295394837,0.24573139706028446,0.8362476924551214,-0.6974369581638413
ShortInterest,0.9958692541274607,1.3000762258553946,216.0,276.0,0.14488450574962958,0.3664912111217177,216.0,276.0,ShortInterest,2_likely,2001,-0.30546878565346147,-1.5295404034095943,-1.2240716177561328,-0.08260026635584578
Size,1.375831191219319,0.6468734683963259,594.0,516.0,0.7703634898831105,-0.46468098912496486,594.0,516.0,Size,1_clear,1981,0.5298307870000828,1.6031970559709057,1.073366268970823,-0.5060867561850823
SmileSlope,2.2867264154321894,1.0818611501980042,119.0,133.0,2.1882049216218316,0.9357075240993992,119.0,133.0,SmileSlope,1_clear,2011,0.5268952407699662,0.5723857876135837,0.04549054684361753,-0.04763213228824714
Tax,0.46266318152901464,0.4903711763533983,336.0,240.0,0.21217122643488584,0.413578483790797,336.0,240.0,Tax,1_clear,2004,-0.05988804800246678,-0.9492675361318228,-0.889379488129356,0.1736992625315275
TotalAccruals,0.3310985214963182,0.07710323963847045,480.0,228.0,0.10177439122646467,-0.18965406014022865,480.0,228.0,TotalAccruals,1_clear,2005,0.7671290125669503,2.8634752598835727,2.0963462473166223,-0.037433169508845565
TrendFactor,2.3458232296271766,0.2741506542514686,1020.0,96.0,1.7852507586539081,-0.38832703482718417,1020.0,96.0,TrendFactor,1_clear,2016,0.8831324326620128,1.217519602187418,0.33438716952540515,-0.10190521810538433
VolSD,0.47946907282774337,0.05532834736823568,360.0,276.0,0.5712974434327347,0.21694713669289975,360.0,276.0,VolSD,1_clear,2001,0.8846049714073775,0.6202553692708002,-0.2643496021365773,0.06979041871967279
VolumeTrend,0.6836851829720423,0.8398884673703046,180.0,336.0,0.14746557171144808,0.47473099282810227,180.0,336.0,VolumeTrend,2_likely,1996,-0.22847253134729692,-2.219266621479811,-1.990794090132514,0.17106213671839182
XFIN,1.0960154696302178,1.2343492268428462,342.0,216.0,0.7382520589532623,0.5225090323823042,342.0,216.0,XFIN,1_clear,2006,-0.1262151502836913,0.2922349134750148,0.4184500637587061,-0.35407678378358654
betaVIX,1.1172461914643563,0.529080706677738,179.0,216.0,1.1172461914643563,0.529080706677738,179.0,216.0,betaVIX,1_clear,2006,0.5264421479170311,0.5264421479170311,0.0,0.0
cfp,0.29777505692089185,1.2710408315960173,300.0,240.0,0.2016818312726081,0.4422095142555754,300.0,240.0,cfp,1_clear,2004,-3.26845970491641,-1.1926095745226166,2.0758501303937935,-0.7327380916921581
dCPVolSpread,1.3433018844157898,0.6838453024111171,190.0,97.0,1.547589597653848,0.5717504141686147,190.0,97.0,dCPVolSpread,1_clear,2014,0.4909220999801355,0.63055424058459,0.1396321406044545,-0.31638260148056063
dNoa,1.4226645175870676,0.3073049984746275,468.0,240.0,0.7799493032588584,0.021484586239310727,468.0,240.0,dNoa,1_clear,2004,0.7839933486245676,0.9724538682840772,0.1884605196595096,0.3568948020928925
dVolCall,0.875190177324769,0.5942878829652455,190.0,97.0,0.6533804551184211,0.6173440148806303,190.0,97.0,dVolCall,1_clear,2014,0.3209614340258817,0.05515383870988223,-0.26580759531599946,0.24486585412173267
dVolPut,0.3846302012647519,0.22742561229081426,190.0,97.0,0.4423962480186605,-0.13561497193842836,190.0,97.0,dVolPut,2_likely,2014,0.40871618624073996,1.3065463880984542,0.8978302018577142,-0.4208066309831512
fgr5yrLag,1.0495749399215921,0.006422979563322935,96.0,336.0,0.550694292526021,0.04048373105952923,96.0,336.0,fgr5yrLag,1_clear,1996,0.993880399274965,0.9264860166357793,-0.06739438263918562,0.5329413988917775
grcapx,0.6629590668135622,0.25530779429066774,288.0,216.0,0.16580644295534971,0.13949140762108697,288.0,216.0,grcapx,1_clear,2006,0.6148965945698943,0.15870936536132774,-0.4561872292085666,0.38133623718863174
grcapx3y,0.6952526321675102,0.08330204723643347,288.0,216.0,0.1830614093140758,-0.019932459772254288,288.0,216.0,grcapx3y,1_clear,2006,0.8801844921079519,1.108884006994923,0.22869951488697116,0.4089567158447466
hire,0.7476697888073153,0.38257178620017535,546.0,120.0,0.21624595399924473,-0.20560510028019804,546.0,120.0,hire,1_clear,2014,0.4883145047087501,1.9507928193695414,1.4624783146607914,-0.05675305167230288
iomom_cust,0.5541423755549808,-0.02104490677625375,239.0,168.0,0.32876336230201725,-0.046737646397881055,239.0,168.0,iomom_cust,2_likely,2010,1.037977436313505,1.1421619674121282,0.10418453109862313,0.19968627363133618
iomom_supp,0.5880780812210643,-0.032463983156750205,239.0,168.0,0.3942107145093386,0.11942255120478357,239.0,168.0,iomom_supp,2_likely,2010,1.0552035251668337,0.6970590935017457,-0.358144431665088,0.34575390107325954
realestate,0.358018140842761,0.1612155563320056,420.0,168.0,0.358018140842761,0.1612155563320056,420.0,168.0,realestate,2_likely,2010,0.549700034885075,0.549700034885075,0.0,0.0
retConglomerate,1.3655144661247602,0.302587953882855,396.0,144.0,0.3510755628427975,0.14886597688481082,396.0,144.0,retConglomerate,1_clear,2012,0.7784073611892377,0.5759716920215574,-0.2024356691676803,0.8607169262839187
roaq,1.587183304321806,1.2912829355289293,360.0,168.0,0.4050462349184867,0.6753838876186039,360.0,168.0,roaq,1_clear,2010,0.1864311248657654,-0.6674241836972542,-0.8538553085630196,0.566238021492994
sfe,0.8319624710710086,0.7396532905432246,204.0,276.0,1.1165576669814488,0.05740470098294218,204.0,276.0,sfe,1_clear,2001,0.11095353905681807,0.9485877866584961,0.837634247601678,-0.9668437854707226
skew1,0.829032353220766,0.2917697986544453,119.0,145.0,1.0214527843424033,-0.06800110043470951,119.0,145.0,skew1,2_likely,2010,0.6480598163377722,1.0665729258141752,0.41851310947640297,-0.552191330210792
std_turn,0.9010280568768118,0.20184959566877936,360.0,276.0,0.9219611627885158,-0.14914126482368684,360.0,276.0,std_turn,1_clear,2001,0.7759785678944999,1.1617652357205612,0.3857866678260613,-0.37192396640417036
zerotrade12M,0.6302654433261234,0.1817430471422041,528.0,216.0,0.42850018436044124,0.012288083041589815,528.0,216.0,zerotrade12M,1_clear,2006,0.7116404697946238,0.971323039078897,0.25968256928427325,0.03231029486506787
zerotrade1M,0.6309574388216717,0.2554212445252668,528.0,216.0,0.3471392386522442,0.020288647426827892,528.0,216.0,zerotrade1M,1_clear,2006,0.5951846688704199,0.9415547274183182,0.3463700585478984,0.048685603070988515
zerotrade6M,0.6254915067905752,0.2629122314043557,528.0,216.0,0.43333666515429403,0.010575675375775072,528.0,216.0,zerotrade6M,1_clear,2006,0.5796709810603663,0.9755947829339354,0.3959238018735691,-0.06018171439229947
